Nstars,cluster,MeanSNR,Na 1,errNa 1,NNa 1,Al 1,errAl 1,NAl 1,Mg 1,errMg 1,NMg 1,Si 1,errSi 1,NSi 1,Ca 1,errCa 1,NCa 1,Sc 2,errSc 2,NSc 2,Ti 1,errTi 1,NTi 1,Ti 2,errTi 2,NTi 2,V 1,errV 1,NV 1,Cr 1,errCr 1,NCr 1,Mn 1,errMn 1,NMn 1,Fe 1,errFe 1,NFe 1,Fe 2,errFe 2,NFe 2,Co 1,errCo 1,NCo 1,Ni 1,errNi 1,NNi 1,Cu 1,errCu 1,NCu 1,Zn 1,errZn 1,NZn 1,Y 2,errY 2,NY 2,Zr 1,errZr 1,NZr 1,Zr 2,errZr 2,NZr 2,Mo 1,errMo 1,NMo 1,Ba 2,errBa 2,NBa 2,Ce 2,errCe 2,NCe 2,Pr 2,errPr 2,NPr 2,Nd 2,errNd 2,NNd 2,oc,ageNN,err_ageNN,age,err_age,dist,X,Y,Z,Rgc,Na1Fe1,errNa1Fe1,Al1Fe1,errAl1Fe1,Mg1Fe1,errMg1Fe1,Si1Fe1,errSi1Fe1,Ca1Fe1,errCa1Fe1,Sc2Fe1,errSc2Fe1,Ti1Fe1,errTi1Fe1,Ti2Fe1,errTi2Fe1,V1Fe1,errV1Fe1,Cr1Fe1,errCr1Fe1,Mn1Fe1,errMn1Fe1,Co1Fe1,errCo1Fe1,Ni1Fe1,errNi1Fe1,Cu1Fe1,errCu1Fe1,Zn1Fe1,errZn1Fe1,Y2Fe1,errY2Fe1,Zr1Fe1,errZr1Fe1,Zr2Fe1,errZr2Fe1,Mo1Fe1,errMo1Fe1,Ba2Fe1,errBa2Fe1,Ce2Fe1,errCe2Fe1,Pr2Fe1,errPr2Fe1,Nd2Fe1,errNd2Fe1,ageNN_old,age_old
4.0,UBC_3,116.6969696969697,-0.18598635242568956,0.015620005755554453,4.0,-0.07122032475550491,0.019023154418319185,4.0,-0.08241403696752872,0.004215110869498398,4.0,-0.08342414572890862,0.022129097449197273,4.0,-0.07197593754460338,0.0035399024300833437,4.0,-0.12668558945376707,0.015099888635290253,4.0,-0.10584378581497944,0.010847324602734729,4.0,-0.07150198654312058,0.014471749747693509,4.0,-0.12799972782406968,0.015461098492205762,4.0,-0.08762007539306718,0.007508506199485631,4.0,-0.24699852831768165,0.017673004256500074,4.0,-0.08139165456728333,0.005993521588491326,4.0,-0.10641980618779766,0.01552494816589784,4.0,-0.16047774517897825,0.012610889130424484,4.0,-0.14897352150401094,0.005439632497496787,4.0,-0.1812530791598747,0.022465941598719338,4.0,-0.4600192911300924,0.08226604430454344,4.0,0.08251475064775875,0.043191544965318414,4.0,-0.06665415178026451,0.010764156611591923,3.0,-0.017823150247542566,0.019516780666676756,4.0,-0.11940310112848893,0.02250625552874948,4.0,0.37786263049838653,0.027414902381014204,4.0,0.06771521432726045,0.021594713147316324,4.0,-0.18773651273279907,0.04026990097529185,4.0,0.04709469517820487,0.0050540198117415905,4.0,UBC_3,8.301029995663981,0.062,0.20000000000000004,0.02063513802742989,1644.0,1172.0,1145.0,136.0,7258.0,-0.1045946978584062,0.016730417832058645,0.010171329811778415,0.019944991979314715,-0.0010223824002453946,0.007327309238313552,-0.0020324911616252943,0.022926387743117768,0.00941571702267996,0.006960834019442035,-0.045293934886483735,0.016245889874976972,-0.02445213124769612,0.0123930122274129,0.009889668024162744,0.01566377482574295,-0.04660807325678636,0.016582155095686415,-0.0062284208257838425,0.009607287149837137,-0.16560687375039834,0.018661655352138016,-0.0790860906116949,0.013962694069969807,-0.06758186693672764,0.008093942348419262,-0.09986142459259137,0.02325168451851993,-0.37862763656280907,0.08248408541378642,0.16390640521504207,0.043605410874372384,0.014737502787018809,0.012320282812930464,0.06356850431974076,0.020416342194988776,-0.03801144656120559,0.0232906384403064,0.45925428506567,0.028062415676349917,0.14910686889454378,0.022411022666236992,-0.10634485816551574,0.040713477198484574,0.1284863497454882,0.007839988347516091,8.301029995663981,0.20000000000000004
1.0,NGC_6475,302.0,-0.09936055433045143,0.0,1.0,-0.012958748229159768,0.0,1.0,-0.04750143304366139,0.0,1.0,-0.05808076918580887,0.0,1.0,-0.011378688129167744,0.0,1.0,-0.08357028861429792,0.0,1.0,-0.01138988977029487,0.0,1.0,0.00479412009819713,0.0,1.0,-0.025989360072555482,0.0,1.0,0.023694260719457544,0.0,1.0,-0.08466819096506932,0.0,1.0,-0.012464184524326058,0.0,1.0,-0.049170477360387134,0.0,1.0,-0.0718155273858036,0.0,1.0,-0.07557922984084196,0.0,1.0,-0.037573061557764936,0.0,1.0,-0.5401839359628802,0.0,1.0,0.2312027674326841,0.0,1.0,0.04697499999999999,0.0,1.0,0.047774999999999984,0.0,1.0,-0.02852500000000002,0.0,1.0,0.39563851762584384,0.0,1.0,0.14205,0.0,1.0,-0.19785,0.0,1.0,0.07143871612725845,0.0,1.0,NGC_6475,8.35,0.062,0.22387211385683375,0.0319600447104363,283.0,282.0,-20.0,-22.0,8057.0,-0.08689636980612539,0.0,-0.0004945637048337087,0.0,-0.03503724851933533,0.0,-0.04561658466148282,0.0,0.001085496395158314,0.0,-0.07110610408997188,0.0,0.0010742947540311881,0.0,0.017258304622523188,0.0,-0.01352517554822942,0.0,0.0361584452437836,0.0,-0.07220400644074328,0.0,-0.059351342861477537,0.0,-0.0631150453165159,0.0,-0.025108877033438882,0.0,-0.5277197514385541,0.0,0.24366695195701016,0.0,0.05943918452432605,0.0,0.060239184524326035,0.0,-0.016060815475673958,0.0,0.4081027021501699,0.0,0.15451418452432608,0.0,-0.18538581547567395,0.0,0.08390290065158451,0.0,8.35,0.22387211385683375
12.0,NGC_6705,68.96308724832215,0.1560659083402399,0.012157130330394348,12.0,0.05654972897271554,0.011949532981921312,12.0,0.012198445871680931,0.01161936472090639,12.0,0.0931632647845278,0.01619941117620213,12.0,0.0558665088233137,0.006644864756182475,12.0,0.08250922072552022,0.006546365816663093,12.0,0.043348382918793636,0.008790885664603962,12.0,0.06861622089721628,0.0155680560688304,12.0,0.06216890247049904,0.010154715743221882,12.0,0.03989965505941364,0.010326649532350485,12.0,0.07981262980257121,0.008853677621163238,12.0,0.04746697997923938,0.004334254195611596,12.0,0.0075411842697680935,0.02540758505141477,12.0,0.02117193577570349,0.007267679763918306,12.0,0.0570532739066115,0.006067645159358655,12.0,-0.07139927990216162,0.030233845213666555,12.0,-0.5003519913350617,0.03493283795299214,12.0,0.3146143372185753,0.040674135287654,12.0,-0.036723401249746976,0.015287394962533216,12.0,0.0346628164720111,0.03330767899802272,10.0,-0.0183168165856066,0.02434399401204463,12.0,0.23788212002271325,0.01349990302589852,12.0,0.05845578646952385,0.02293178220148663,12.0,-0.062088899833485374,0.033176770838676685,10.0,0.10794917095671658,0.021033256626409067,12.0,NGC_6705,8.48,0.062,0.30199517204020193,0.043112914040348366,2164.0,1921.0,991.0,-104.0,6494.0,0.10859892836100052,0.012906648569724477,0.00908274899347615,0.0127112980422222,-0.03526853410755845,0.01240142717390304,0.04569628480528843,0.01676921828493622,0.008399528844074314,0.00793347257259598,0.03504224074628084,0.007851156910784026,-0.004118597060445747,0.0098012973733234,0.021149240917976896,0.016160140135358467,0.014701922491259655,0.011041014955963742,-0.007567324919825744,0.011199350427420832,0.03234564982333183,0.009857655241063336,-0.02629504420353589,0.008461969545149899,0.009586293927372121,0.0074566800395393954,-0.118866259881401,0.030542939541506563,-0.5478189713143011,0.035200694977261235,0.2671473572393359,0.040904413463959566,-0.08419038122898638,0.015889940345157456,-0.012804163507228279,0.033588498621812506,-0.06578379656484598,0.024726823570581032,0.19041514004347387,0.014178615628503397,0.01098880649028447,0.023337788977720143,-0.10955587981272474,0.03345868919599578,0.0604821909774772,0.021475186698712487,8.48,0.30199517204020193
5.0,NGC_3532,176.8,-0.17164695932029994,0.011242715487944149,5.0,-0.07797957562484048,0.014068445294347469,5.0,-0.07913803456886996,0.009217956841293666,5.0,-0.08328467785655247,0.01739740710368796,5.0,-0.006914443587925157,0.016488672615844243,5.0,-0.0871448137444267,0.01437091630242972,5.0,-0.04160707490576837,0.012283748230154145,5.0,-0.013055233714347712,0.01638897991379399,5.0,-0.07521293771319144,0.014101901291273741,5.0,-0.015786180045244503,0.01504013099636324,5.0,-0.1663983258983808,0.01618520001587395,5.0,-0.03426375403567022,0.011550293251990286,5.0,-0.04696396410124011,0.01695378970313903,5.0,-0.1174895030182758,0.01229389156495995,5.0,-0.11051045857188974,0.012185287445266035,5.0,-0.08943009238856123,0.01225459122923793,5.0,-0.3431052263712146,0.0369840477709429,5.0,0.1040708661885987,0.023568822335372247,5.0,0.0022914076808218738,0.024158802868670514,5.0,-0.0070005811592837594,0.020900706947514967,5.0,-0.05473446757594068,0.030774651145073925,5.0,0.3902684579796722,0.012321494646932584,5.0,0.1258765541742965,0.02496154405685429,5.0,-0.1726823062276814,0.037414471069832186,4.0,0.09498764344222824,0.012181855550035469,5.0,NGC_3532,8.6,0.048,0.3981071705534969,0.04400043054386497,498.0,166.0,-469.0,12.0,8186.0,-0.13738320528462974,0.016118558426541484,-0.04371582158917025,0.0182024840944037,-0.044874280533199744,0.01477768596685303,-0.04902092382088225,0.02088250579165309,0.027349310447745058,0.020131706307202683,-0.052881059708756485,0.01843725873275126,-0.0073433208700981545,0.01686119049144476,0.0212085203213225,0.020050135581130498,-0.040949183677521234,0.0182283541285493,0.018477573990425714,0.01896351271770973,-0.13213457186271058,0.01988391243595733,-0.08322574898260557,0.016868581565086194,-0.07624670453621951,0.016789595121107906,-0.05516633835289101,0.01683996081951165,-0.3088414723355444,0.03874569735764681,0.13833462022426893,0.026246879061772543,0.03655516171649209,0.026777920573753576,0.02726317287638646,0.02387988327259731,-0.020470713540270462,0.03287078379515725,0.4245322120153424,0.016888709380570226,0.16014030820996672,0.027504326130797136,-0.13841855219201118,0.03915676084205999,0.12925139747789846,0.016787104540357825,8.6,0.3981071705534969
1.0,Stock_1,211.0,0.12043944566954855,0.0,1.0,0.08284125177084023,0.0,1.0,0.03659856695633861,0.0,1.0,0.09131923081419112,0.0,1.0,0.13132131187083226,0.0,1.0,0.08592971138570207,0.0,1.0,0.08591011022970513,0.0,1.0,0.14569412009819713,0.0,1.0,0.09661063992744454,0.0,1.0,0.14599426071945756,0.0,1.0,0.03103180903493068,0.0,1.0,0.12003581547567395,0.0,1.0,0.18032952263961285,0.0,1.0,0.0436844726141964,0.0,1.0,0.09922077015915803,0.0,1.0,0.0007269384422350643,0.0,1.0,-0.09568393596288016,0.0,1.0,0.2499027674326841,0.0,1.0,0.115975,0.0,1.0,0.11257499999999998,0.0,1.0,0.08137499999999999,0.0,1.0,0.4291385176258439,0.0,1.0,0.14345,0.0,1.0,0.017949999999999994,0.0,1.0,0.19913871612725845,0.0,1.0,Stock_1,8.64,0.048,0.43651583224016655,0.04824551271226066,410.0,203.0,356.0,14.0,8144.0,0.0004036301938746129,0.0,-0.03719456370483372,0.0,-0.08343724851933534,0.0,-0.02871658466148282,0.0,0.011285496395158315,0.0,-0.034106104089971875,0.0,-0.03412570524596882,0.0,0.025658304622523182,0.0,-0.023425175548229413,0.0,0.025958445243783587,0.0,-0.08900400644074327,0.0,-0.07635134286147753,0.0,-0.0208150453165159,0.0,-0.11930887703343887,0.0,-0.2157197514385541,0.0,0.1298669519570102,0.0,-0.004060815475673954,0.0,-0.007460815475673969,0.0,-0.03866081547567396,0.0,0.30910270215016994,0.0,0.023414184524326045,0.0,-0.10208581547567397,0.0,0.0791029006515845,0.0,8.64,0.43651583224016655
5.0,UBC_215,71.8,-0.11979564727832842,0.031220815394796424,5.0,-0.08487006914354688,0.01857843177963446,5.0,-0.12234447691693767,0.02073792877554826,5.0,-0.050506892852677135,0.027722017749784767,5.0,0.005853599005547418,0.02518407317676684,5.0,-0.01993012141169113,0.029040457223556193,5.0,-0.015221700151835696,0.023640391233162517,5.0,-0.016547027536245804,0.02223949609900146,5.0,-0.033369236346804235,0.02773852368148301,5.0,0.04677716075028476,0.03794735540565088,5.0,-0.17638933212173216,0.02454266283054126,5.0,-0.0045628562083266785,0.022825807041658038,5.0,0.0008271227696739901,0.049092098240794836,5.0,-0.09046143733592528,0.02143770917285009,5.0,-0.08060564225132777,0.01952611287731028,5.0,-0.14592645096824058,0.05197261392515192,5.0,-0.2093412031382429,0.06024146556982594,5.0,0.220150774303825,0.07681832111930757,5.0,-0.038809911193462936,0.03540863246718925,3.0,0.011299196901944487,0.051172122471701484,5.0,0.08130204955867586,0.07338258637057173,5.0,0.4284678772008689,0.04396958117993959,5.0,0.09340666687666918,0.08198634219519704,5.0,0.13827595424462147,0.051678885482381635,4.0,0.30838464241169644,0.0352643448233294,5.0,UBC_215,8.65,0.048,0.4466835921509635,0.04936929506744835,1372.0,-1099.0,-814.0,-107.0,9474.0,-0.11523279107000176,0.038675014945297216,-0.0803072129352202,0.029430861259798994,-0.117781620708611,0.03083957128435345,-0.045944036644350456,0.03590999492094628,0.010416455213874095,0.03398904248247885,-0.015367265203364453,0.036937320190509264,-0.01065884394350902,0.03286161232745576,-0.011984171327919124,0.031868678256879536,-0.028806380138477562,0.035922738803315084,0.051340016958611435,0.044283396994650115,-0.1718264759134055,0.03351655957756758,-0.08589858112759859,0.031314419069858324,-0.07604278604300109,0.03003808501220522,-0.14136359475991392,0.05676416180404587,-0.20477834692991626,0.06442089444507527,0.22471363051215168,0.0801378308085018,-0.034247054985136256,0.042128241362528934,0.01586205311027116,0.056032165631553284,0.08586490576700254,0.07685064378089118,0.4330307334091956,0.049541311410198886,0.09796952308499586,0.08510451088897082,0.14283881045294813,0.05649535088663599,0.31294749862002313,0.04200704087318797,8.65,0.4466835921509635
10.0,NGC_2099,69.35,-0.05012350291165648,0.03063338322562144,10.0,-0.060809645554487236,0.013304598778670702,10.0,-0.06460485399059716,0.008275351062292675,10.0,-0.03276644860421029,0.012282427300415335,10.0,0.03842682033076218,0.012811241395602892,10.0,-0.052617316103143165,0.009008952228610943,10.0,-0.03717538771177677,0.00898738464538725,10.0,-0.02262385389022205,0.0068110730501568136,10.0,-0.05239019899365605,0.010877458529280673,10.0,0.0008888732399131752,0.014829527236563094,10.0,-0.13302985627925798,0.011661529058769831,10.0,-0.0030090822751218183,0.0091959686325381,10.0,0.057132399528374664,0.014045887285462818,10.0,-0.10440318365245076,0.009888732424547896,10.0,-0.05796911666375619,0.011978624206334849,10.0,-0.1449769502796901,0.01336333588975659,10.0,-0.31967286693158325,0.04499437343948743,10.0,0.14980594591711713,0.023830833010096742,10.0,0.010179430654920149,0.03137843620229548,7.0,0.07950638784785923,0.03948887568094341,10.0,0.05823652029369589,0.057665852447178735,10.0,0.3640508476956888,0.0208880696620878,10.0,0.05097154773724558,0.020872244350612745,10.0,-0.08677826675419137,0.0340214906640925,9.0,0.08577990940486163,0.016733138542535598,10.0,NGC_2099,8.65,0.048,0.4466835921509635,0.04936929506744835,1384.0,-1380.0,56.0,74.0,9721.0,-0.04711442063653466,0.031983902309418236,-0.05780056327936544,0.016173378983750753,-0.06159577171547535,0.012371227679370109,-0.029757366329088476,0.015343528260495126,0.041435902605884,0.015770026797283315,-0.04960823382802134,0.012873502217656964,-0.03416630543665496,0.012858418326324866,-0.01961477161510024,0.01144362508933236,-0.049381116718534235,0.014243768572496731,0.0038979555150349936,0.017449375838424458,-0.13002077400413614,0.014851164906469726,-0.10139410137732892,0.013503809390499022,-0.054960034388634366,0.015101432944168441,-0.1419678680045683,0.016221731880199514,-0.31666378465646144,0.04592449760533779,0.15281502819223894,0.025543579252832627,0.013188512930041968,0.03269819716119151,0.08251547012298105,0.04054549471440234,0.0612456025688177,0.058394489273821175,0.3670599299708106,0.02282273632365009,0.0539806300123674,0.022808253403588587,-0.08376918447906953,0.0352424128869968,0.08878899167998346,0.01909355295837616,8.65,0.4466835921509635
2.0,NGC_6281,135.0,-0.21824490617629216,0.020508680312730197,2.0,-0.08570604200376856,0.004761200737577613,2.0,-0.06984399890972179,0.019477073909362642,2.0,-0.07411427141534149,0.016087412574682592,2.0,-0.031820633468937244,0.0158206922755929,2.0,-0.10658322776804804,0.001920508892159361,2.0,-0.06310538036324337,0.02019503913045556,2.0,-0.04408873066316593,0.020166120120781072,2.0,-0.1088303226577031,0.013305751484853023,2.0,-0.06088621818118401,0.01576337591700705,2.0,-0.181722399778148,0.03037411661683672,2.0,-0.05727027707485189,0.010461879824953772,2.0,-0.06725925499817746,0.01287831917538542,2.0,-0.13870308146605434,0.007799990070447628,2.0,-0.12904817542587,0.006323361816988727,2.0,-0.16572921986795644,0.0034243080792686125,2.0,-0.330977320195207,0.06423934893106131,2.0,0.07023222410000657,0.03088879853583525,2.0,-0.06480626233636462,0.010247390776767468,2.0,-0.022653872439241687,0.008095461064435878,2.0,-0.0823830460157926,0.016974991533500676,2.0,0.3490815278292479,0.0068042749639411655,2.0,0.02094567830581167,0.01439456281650505,2.0,-0.2814741878995249,0.004823946716164834,2.0,0.04434724911724838,0.026219631214296383,2.0,NGC_6281,8.71,0.048,0.5128613839913658,0.056683534922439084,532.0,520.0,-112.0,18.0,7820.0,-0.16097462910144028,0.02302296457108732,-0.028435764928916675,0.01149434478059904,-0.012573721834869898,0.0221089877095843,-0.016843994340489603,0.01918999147524121,0.025449643605914646,0.018966951087372463,-0.04931295069319614,0.01063669515764356,-0.005835103288391493,0.022744021960779195,0.013181546411685958,0.02271834787561688,-0.0515600455828512,0.016926132223530666,-0.003615941106332121,0.01891916884465733,-0.12445212270329607,0.032125346530815384,-0.08143280439120246,0.013049550742108191,-0.07177789835101811,0.012224395041895764,-0.10845894279310456,0.01100803412483442,-0.2737070431203551,0.06508567338945202,0.12750250117485848,0.03261240261709021,-0.007535985261512744,0.01464445107211444,0.034616404635610214,0.01322828104167628,-0.025112768940940715,0.019939941500270116,0.4063518049040998,0.01247994740600662,0.07821595538066356,0.017794784858212943,-0.22420391082467306,0.011520477047074582,0.10161752619210028,0.02822977135021607,8.71,0.5128613839913658
3.0,NGC_6645,74.33333333333333,-0.013197658828454034,0.044487319566017564,3.0,-0.061871244756540336,0.03987660532603975,3.0,-0.07037107980753599,0.0189249300904526,3.0,-0.02003413521201676,0.020887889876837564,3.0,0.06165592366136938,0.01871058086176397,3.0,-0.06941070314798503,0.021043679464978517,3.0,-0.018335957034446536,0.032251475412229336,3.0,-0.04401838978308818,0.011135281674697529,3.0,-0.010002922367713107,0.013033363930505618,3.0,0.02436722515253012,0.02454440930183548,3.0,-0.1721022383755522,0.018998860410010712,3.0,-0.004085315306736096,0.0033135065375305677,3.0,0.1299674845162223,0.06320957540713021,3.0,-0.08684231080680421,0.02214037643600688,3.0,-0.06794379739999974,0.020798873140617142,3.0,-0.1250443805001647,0.05292042875009663,3.0,-0.2405255352228368,0.09211093078275297,3.0,0.2655100903383891,0.005942847655299797,3.0,0.1270388876302673,0.010396651543578442,2.0,0.01838695571509457,0.12839519512245615,3.0,0.18135110084912007,0.0757589481481711,3.0,0.4264317499076955,0.02470379499461298,3.0,0.10441927306914996,0.09669524820311748,3.0,0.07282774067890929,0.1072396073954907,2.0,0.13391871897576044,0.03138165306255189,3.0,NGC_6645,8.71,0.048,0.5128613839913658,0.056683534922439084,1750.0,1680.0,474.0,-110.0,6675.0,-0.009112343521717938,0.04461054727016052,-0.057785929449804235,0.04001403476160583,-0.06628576450079987,0.019212816152318117,-0.015948819905280666,0.02114907253477445,0.06574123896810546,0.01900171470575395,-0.06532538784124893,0.021302952166284757,-0.01425064172771044,0.032421242910164495,-0.03993307447635209,0.01161782352891937,-0.005917607060977012,0.013447970141224386,0.028452540459266214,0.024767061867534586,-0.1680169230688161,0.019285642910033624,-0.08275699550006811,0.022386951429400708,-0.06385848209326364,0.02106115973762468,-0.1209590651934286,0.05302406156329701,-0.2364402199161007,0.09217050990007253,0.2695954056451252,0.006804172530760821,0.1311242029370034,0.010911905832293909,0.02247227102183066,0.12843794398894684,0.18543641615585613,0.07583137576288285,0.4305170652144316,0.024925023825668108,0.10850458837588607,0.0967520043752932,0.07691305598564539,0.10729078581086654,0.13800403428249652,0.03155610043260463,8.71,0.5128613839913658
2.0,FSR_0850,67.19148936170212,-0.22948745456798114,0.01332737506116363,2.0,-0.1207216158762186,0.09670070401994532,2.0,-0.07643870189145656,0.018553252852339053,2.0,-0.1805158901799227,0.008275664403710189,2.0,0.0053982520038699505,0.004049910397679422,2.0,-0.10931061495462427,0.020831560708977702,2.0,0.01019159502398062,0.012676342774306031,2.0,-0.1065671864344662,0.04651036584414585,2.0,-0.1001696545232916,0.01261808895525472,2.0,-0.06773727029932447,0.044964763496304905,2.0,-0.31788407638173594,0.02373421038175072,2.0,-0.035963061979892,0.00154890306486454,2.0,-0.06316127490639939,0.16044568842359005,2.0,-0.12178381839472605,0.03390208209304238,2.0,-0.16792833065828064,0.028649858467357982,2.0,-0.2402684456050323,0.039630122379518094,2.0,-0.25898393596288016,0.0,1.0,-0.012361674386571635,0.012633268304101886,2.0,0.263375,0.0,1.0,-0.042825000000000016,0.0,1.0,0.308775,0.0,1.0,0.4607251614614603,0.021663607978680936,2.0,0.3840071428571429,0.23135250072527144,2.0,,,0.0,0.19101054711317395,0.01997355422748981,2.0,FSR_0850,8.71,0.048,0.5128613839913658,0.056683534922439084,2126.0,-2121.0,-130.0,-85.0,10462.0,-0.19352439258808915,0.013417079664564605,-0.08475855389632657,0.09671310799812717,-0.04047563991156456,0.01861779503881096,-0.1445528282000307,0.008419365892226248,0.04136131398376195,0.0043359975707533156,-0.07334755297473225,0.02088906465776221,0.04615465700387262,0.012770621239236857,-0.0706041244545742,0.04653614972965249,-0.06420659254339961,0.01271279943942592,-0.03177420831943247,0.044991433151023115,-0.2819210144018439,0.02378469766781891,-0.08582075641483405,0.033937446441176626,-0.13196526867838865,0.028691697246834163,-0.2043053836251403,0.03966037948028142,-0.22302087398298814,0.00154890306486454,0.023601387593320363,0.012727865836336116,0.29933806197989193,0.00154890306486454,-0.0068619380201080105,0.00154890306486454,0.34473806197989193,0.00154890306486454,0.4966882234413523,0.02171890907385348,0.4199702048370349,0.23135768561372905,,,0.22697360909306594,0.020033521137903413,8.71,0.5128613839913658
3.0,UBC_59,68.66666666666667,-0.2307062664984313,0.052053995835095436,3.0,-0.11601186083262688,0.028527170380246682,3.0,-0.14420385146453474,0.027419845220154827,3.0,-0.16230049751014206,0.023294597824306627,3.0,-0.07015533933015976,0.05452605994226229,3.0,-0.16934935767711154,0.09160371803972198,3.0,-0.060308418116214825,0.04270140033471532,3.0,-0.1659405070953327,0.06504742444738243,3.0,-0.1384234481977086,0.04415703821642236,3.0,-0.06527893370717741,0.0723565236580926,3.0,-0.3590491508953811,0.03592920153932906,3.0,-0.10586510312907957,0.05722403558080241,3.0,-0.030191670285991738,0.06228810721747587,3.0,-0.19141860887087486,0.05788777731299695,3.0,-0.19371340143847507,0.038658546122950686,3.0,-0.2724275355427466,0.09714061279336976,3.0,-0.3138861934017802,0.16756060360553166,3.0,-0.18321554548431335,0.1269029350094492,3.0,-0.235525,0.0,1.0,-0.18176132090253835,0.4166049794321039,2.0,-0.05220732792492951,0.15809198023529678,3.0,0.3937744753790843,0.05424616544842562,3.0,0.19944109531461754,0.20723993648572966,3.0,-0.04284668473063437,0.03764298696716816,2.0,0.060370869120522974,0.03379113667284524,3.0,UBC_59,8.73,0.048,0.5370317963702532,0.05935494762172604,2445.0,-2306.0,746.0,316.0,10672.0,-0.12484116336935175,0.07735766756148399,-0.010146757703547324,0.06394051687354868,-0.0383387483354552,0.06345422097898758,-0.05643539438106246,0.06178372387570314,0.03570976379891981,0.07904227641572653,-0.063484254548032,0.10800847840264126,0.04555668501286475,0.07140027898193793,-0.060075403966253126,0.08663577595538037,-0.032558345068629035,0.07228024814705276,0.040586169421902164,0.0922499689107647,-0.25318404776630155,0.06756846728620285,-0.08555350574179528,0.08139769659143964,-0.0878482983093955,0.06905847838240606,-0.16656243241366706,0.1127425780352052,-0.20802109027270066,0.17706254863410004,-0.0773504423552338,0.1392082797902676,-0.12965989687092044,0.05722403558080241,-0.07589621777345879,0.420516704942594,0.053657775204150056,0.16812990353554125,0.4996395785081639,0.07884945601594792,0.3053061984436971,0.21499530581564386,0.0630184183984452,0.06849514374000051,0.16623597224960254,0.06645623496554591,8.73,0.5370317963702532
3.0,NGC_1907,75.33333333333333,-0.25017592853453235,0.017264231554933892,3.0,-0.19321374612034486,0.03473343518991075,3.0,-0.16016010482076762,0.009164124433660315,3.0,-0.16143433013519962,0.02060028917963614,3.0,-0.09924433006993592,0.016177968451299922,3.0,-0.21622267359313052,0.014210534297191529,3.0,-0.16269968284515776,0.020070155541538917,3.0,-0.1566707366901446,0.01842663502626677,3.0,-0.1990479632829188,0.06165288509542961,3.0,-0.14435771454136373,0.035737050991907625,3.0,-0.31928968597548385,0.04746384780560185,3.0,-0.1326546513883925,0.031275981757211566,3.0,-0.05705800908790056,0.010183665445866168,3.0,-0.25583266358816303,0.03215161777354635,3.0,-0.2130106214297086,0.027528502512223656,3.0,-0.3348565401960933,0.11472661581820848,3.0,-0.2176077674482781,0.041790521479650886,3.0,-0.14882206741792786,0.04934046954949252,3.0,-0.32932500000000003,0.0,1.0,-0.011743452616129576,0.08636882253867609,3.0,-0.1656599938347719,0.2591674982212233,2.0,0.3373894509399212,0.034830832652197205,3.0,0.0162732929157779,0.1291330535741241,3.0,-0.2714669811320755,0.0811825284109107,2.0,0.0859376701477422,0.028627041449944983,3.0,NGC_1907,8.75,0.048,0.5623413251903491,0.062152260122775124,1574.0,-1561.0,202.0,8.0,9903.0,-0.11752127714613984,0.03572451155802981,-0.06055909473195242,0.046739689290464494,-0.027505453432375118,0.03259092222556829,-0.02877967874680712,0.03745075365279135,0.033410321318456566,0.03521240829719953,-0.08356802220473805,0.03435296668250193,-0.03004503145676526,0.03716178384226188,-0.02401608530175212,0.036300522217575217,-0.06639331189452627,0.06913223036665081,-0.01170306315297123,0.047490250035935135,-0.18663503458709133,0.05684192012406659,-0.12317801219977055,0.04485435943510566,-0.08035597004131613,0.041665399139369036,-0.2022018888077008,0.11891334412914405,-0.08495311605988562,0.052198033683450114,-0.016167416029535336,0.0584180534615955,-0.19667034861160754,0.031275981757211566,0.12091119877226293,0.09185728355222984,-0.0330053424463794,0.26104784842845424,0.4700441023283137,0.046812113155921486,0.1489279443041704,0.13286659685660288,-0.13881232974368302,0.08699879283108332,0.2185923215361347,0.04239922802427303,8.75,0.5623413251903491
4.0,NGC_7245,71.83838383838383,-0.0885075930147491,0.011519305746201306,4.0,-0.045979836794306006,0.004725377715635703,4.0,-0.059731089482216435,0.011855525458771941,4.0,-0.041333773241663735,0.00791077356372893,4.0,0.038399994047140056,0.01696561043698584,4.0,-0.022225766430939143,0.01838323116554896,4.0,-0.031313302169144706,0.012432322533642405,4.0,-0.02746827492051733,0.014870536763284831,4.0,-0.039409074246809776,0.018505214116693536,4.0,0.015276097628547876,0.03498253822241433,4.0,-0.15489472961367642,0.0389026428927018,4.0,-0.0018752211566411027,0.012571777961876888,4.0,0.0515672004646911,0.028954012241856755,4.0,-0.09807342995989553,0.010491049983979768,4.0,-0.059619968828681764,0.012192826663287724,4.0,0.0559269170394493,0.01900152934754581,4.0,-0.4322436482866312,0.1301546585828219,4.0,0.0631650123306433,0.05232971315220687,4.0,0.013533465594107398,0.010567634180705537,4.0,0.08831010797914493,0.05218855508653987,4.0,0.0518557467876675,0.04559177418317211,4.0,0.3515488191210239,0.02394820995206232,4.0,-0.01650661762674551,0.03847098472611566,3.0,-0.10233014661620546,0.04120139111350304,4.0,0.06873915015504606,0.03551198702725593,4.0,NGC_7245,8.77,0.048,0.5888436553555884,0.06508140590044327,3067.0,-604.0,3005.0,-99.0,9435.0,-0.086632371858108,0.01705121714122484,-0.044104615637664914,0.01343051732727224,-0.057855868325575335,0.017280135561572516,-0.039458552085022636,0.014853617051052781,0.04027521520378116,0.02111590724127894,-0.020350545274298044,0.02227089556368904,-0.029438081012503607,0.01768084400426762,-0.025593053763876227,0.019472608062376728,-0.03753385309016867,0.02237169083076662,0.017151318785188982,0.037172941524789414,-0.15301950845703532,0.04088355690445506,-0.09619820880325444,0.01637411771330276,-0.057744747672040665,0.01751326991637237,0.0578021381960904,0.022783935539506302,-0.43036842712999,0.13076040972684996,0.0650402334872844,0.053818662931319525,0.0154086867507485,0.01642329118355847,0.09018532913578604,0.053681420278747664,0.053730967944308615,0.04729333435371303,0.35342404027766494,0.02704748345097544,-0.014631396470104403,0.040473031353232714,-0.10045492545956436,0.043076724931342916,0.07061437131168716,0.03767161827884127,8.77,0.5888436553555884
5.0,NGC_6728,78.8,-0.1521339506166237,0.0114141569701366,5.0,-0.09601446760493093,0.025353903168307032,5.0,-0.1270269363204506,0.026927874924254736,5.0,-0.08205622881225999,0.017487669509720825,5.0,-0.035190989112915766,0.020330567273773748,5.0,-0.1168798673724858,0.023832572721564863,5.0,-0.09291940357755472,0.0257767304509653,5.0,-0.1111452746878924,0.04359028628973422,5.0,-0.128471230940471,0.03219226232482115,5.0,-0.11987234422433513,0.028228809340237606,5.0,-0.20415699783274605,0.012516728726837043,5.0,-0.0645687735656553,0.02040157141421781,5.0,0.002830773369358123,0.04303865997140794,5.0,-0.17419899797452634,0.03099456798166977,5.0,-0.12685430151055646,0.016643286130251816,5.0,-0.17069584634888335,0.0176886453655028,5.0,-0.2912057482184243,0.037078401672867696,5.0,0.019301059116350463,0.04757058354493952,5.0,-0.049517795241316616,0.03264441790375503,3.0,0.0007765706708243282,0.02412208220662741,5.0,-0.03907655004714461,0.056443444007986086,5.0,0.3464426575414633,0.02658077730133465,5.0,0.0817364009793937,0.023922252296958102,5.0,-0.1694435620706436,0.046985343531075065,5.0,0.05572005488103125,0.050224213392418685,5.0,NGC_6728,8.8750612633917,0.048,0.7500000000000001,0.06814859806564234,1784.0,1598.0,772.0,-177.0,6785.0,-0.08756517705096839,0.02337749121502021,-0.03144569403927562,0.0325429642478573,-0.062458162754795286,0.03378364344036528,-0.017487455246604708,0.0268708522576164,0.029377784452739523,0.02880201523926528,-0.052311093806830515,0.03137221124973672,-0.028350630011899424,0.03287345355923455,-0.046576501122237116,0.04812834066317288,-0.0639024573748157,0.038112542158186304,-0.05530357065867983,0.034829438596349994,-0.13958822426709075,0.02393517524879768,-0.10963022440887107,0.037106432872748334,-0.062285527944901165,0.026329130053666067,-0.10612707278322804,0.02700207938355772,-0.22663697465276905,0.04232058585114279,0.08386983268200576,0.051760839782363455,0.015050978324338675,0.03849522225477379,0.06534534423647963,0.03159270431844542,0.025492223518510687,0.06001738487848408,0.4110114311071186,0.033507638503967666,0.14630517454504902,0.03144039235010826,-0.1048747885049883,0.05122349678519192,0.12028882844668655,0.05420973830463155,8.8750612633917,0.7500000000000001
1.0,NGC_2281,132.0,-0.11566055433045146,0.0,1.0,-0.04075874822915977,0.0,1.0,-0.0661014330436614,0.0,1.0,-0.032080769185808884,0.0,1.0,0.06112131187083225,0.0,1.0,-0.06207028861429791,0.0,1.0,-0.0031898897702948713,0.0,1.0,0.011994120098197128,0.0,1.0,-0.025189360072555483,0.0,1.0,0.034894260719457545,0.0,1.0,-0.10996819096506937,0.0,1.0,0.013435815475673948,0.0,1.0,0.08962952263961288,0.0,1.0,-0.0925155273858036,0.0,1.0,-0.056879229840841976,0.0,1.0,-0.037573061557764936,0.0,1.0,-0.11678393596288016,0.0,1.0,0.16050276743268413,0.0,1.0,0.005974999999999986,0.0,1.0,0.04547499999999999,0.0,1.0,0.0011749999999999886,0.0,1.0,0.3716385176258439,0.0,1.0,0.09525,0.0,1.0,-0.21235,0.0,1.0,0.13503871612725846,0.0,1.0,NGC_2281,8.8,0.048,0.6309573444801942,0.06973598283432983,537.0,-512.0,45.0,156.0,8852.0,-0.12909636980612538,0.0,-0.05419456370483372,0.0,-0.07953724851933534,0.0,-0.045516584661482826,0.0,0.0476854963951583,0.0,-0.07550610408997185,0.0,-0.01662570524596882,0.0,-0.0014416953774768204,0.0,-0.03862517554822943,0.0,0.0214584452437836,0.0,-0.1234040064407433,0.0,-0.10595134286147756,0.0,-0.07031504531651593,0.0,-0.051008877033438885,0.0,-0.1302197514385541,0.0,0.1470669519570102,0.0,-0.007460815475673961,0.0,0.03203918452432604,0.0,-0.01226081547567396,0.0,0.3582027021501699,0.0,0.08181418452432605,0.0,-0.22578581547567395,0.0,0.12160290065158452,0.0,8.8,0.6309573444801942
6.0,NGC_6997,84.0469798657718,0.07474276349674111,0.03334268551445425,6.0,0.03428628517432835,0.013382663900258386,6.0,0.020742513534713663,0.014393187668689538,6.0,0.08289559775805756,0.017532313568133232,6.0,0.10579479787786868,0.004862761275287394,6.0,0.04886184001948235,0.00807300867279717,6.0,0.06457502117929664,0.011579375591291744,6.0,0.07709141636934139,0.010774035254955074,6.0,0.04492145450408958,0.012090212941341548,6.0,0.11166019067738828,0.007423559036629317,6.0,0.020112933198915942,0.014588033505261425,6.0,0.09589750129701637,0.007715507127115517,6.0,0.15206008268952406,0.016300608379386784,6.0,0.01999547275952978,0.01629670957876183,6.0,0.06742337249081569,0.006586290301789579,6.0,0.0352963604214153,0.02745790188442081,6.0,-0.2522437873873449,0.11326356931564398,6.0,0.18224756692913588,0.03490082538867606,6.0,0.0678725961690508,0.03277393732549517,6.0,0.056286891472389945,0.008991810895303138,6.0,0.036649668959676654,0.022228835588379185,6.0,0.32940946586200665,0.02516484884401213,6.0,0.0631780835688848,0.021359816254767374,6.0,-0.012676083522020987,0.051001406587877315,5.0,0.1446265147588642,0.019849030387557774,6.0,NGC_6997,8.81,0.048,0.6456542290346563,0.07136034254418061,877.0,69.0,875.0,-7.0,8316.0,-0.021154737800275242,0.0342237304738155,-0.061611216122688,0.015447483396846538,-0.07515498776230269,0.01633073487307558,-0.013001903538958791,0.01915492284714086,0.009897296580852338,0.009120060166961895,-0.047035661277534,0.01116702821970235,-0.031322480117719716,0.013914416599799409,-0.018806084927674962,0.01325175029585093,-0.05097604679292677,0.01434232544588056,0.015762689380371925,0.010706926683175296,-0.07578456809810041,0.016502720132729645,-0.07590202853748658,0.01803085669964348,-0.028474128806200663,0.010144371354007984,-0.06060114087560105,0.028521315294408326,-0.3481412886843613,0.1135260550902226,0.08635006563211953,0.035743484203969625,-0.02802490512796556,0.03366986810256399,-0.039610609824626414,0.011848278921660415,-0.0592478323373397,0.023529772243771577,0.2335119645649903,0.026321068891109814,-0.03271941772813156,0.022710587853818204,-0.10857358481903734,0.051581707263045735,0.04872901346184785,0.02129584601641274,8.81,0.6456542290346563
4.0,NGC_2632,172.08333333333331,0.15571328601564852,0.059383131920019636,4.0,0.08837433373982738,0.014673847562540938,4.0,0.05543401546591616,0.02288305892890295,4.0,0.1324941280400724,0.01706952573899644,4.0,0.13571650977094124,0.015507427392160971,4.0,0.11064931005663124,0.016866954742950836,4.0,0.09445155729576324,0.013914248173745793,4.0,0.12901254165802092,0.01301780141840015,4.0,0.10475508374423527,0.011671600330229364,4.0,0.14190904129282544,0.017024596758550916,4.0,0.0903868057859989,0.01165542219271258,4.0,0.11845661372037534,0.014355503128551682,4.0,0.15973026701931056,0.01658065387990095,4.0,0.06918933601305519,0.013410616460626298,4.0,0.11107905725479016,0.014236661097812704,4.0,0.05207788835085503,0.016214689783871403,4.0,-0.0645424987172607,0.029299890317843826,4.0,0.20056671647283025,0.019959900372394417,4.0,0.08248089888064719,0.01173981011691378,4.0,0.02081572230337897,0.025234999749796497,4.0,0.04530185442162897,0.01751190757627184,4.0,0.30259176646190283,0.03880691188482597,4.0,0.033489596842551074,0.01359823951153332,4.0,0.0996333285408022,0.0370244678702539,4.0,0.14474324674043446,0.016506883848230215,4.0,NGC_2632,8.84,0.048,0.6918309709189363,0.07646398466445793,182.0,-138.0,-67.0,98.0,8479.0,0.03725667229527317,0.06109367255865629,-0.03008227998054798,0.0205280849657864,-0.06302259825445919,0.027013234830680726,0.01403751431969706,0.022303568750944743,0.017259896050565895,0.02113198462986857,-0.007807303663744117,0.02214891944033859,-0.02400505642461209,0.01999216777426713,0.010555927937645579,0.01937894795500411,-0.013701529976140063,0.018501533026818808,0.0234524275724501,0.02226920216049779,-0.02806980793437644,0.01849133138971432,-0.049267277707320166,0.019644976557071227,-0.007377556465585175,0.020217887854269808,-0.06637872536952033,0.021656330133728585,-0.18299911243763609,0.03262765763445999,0.08211010275245491,0.024586136193996973,-0.035975714839728154,0.018544638353309783,-0.09764089141699638,0.02903249356231886,-0.07315475929874637,0.02264392583086564,0.18413515274152747,0.04137700907642436,-0.08496701687782426,0.01977353250906077,-0.01882328517957316,0.039710095582223416,0.02628663302005911,0.02187596133779772,8.84,0.6918309709189363
4.0,NGC_6633,138.25000000000009,-0.22249026104172695,0.015573437954443685,4.0,-0.0990988678109897,0.012384326758433907,4.0,-0.09954332530128984,0.012773743156504194,4.0,-0.08950802073666789,0.01423205140135196,4.0,-0.00646295678014481,0.008498609334411903,4.0,-0.09137117857417852,0.009019639145459687,4.0,-0.05810446637129811,0.0026923906690704933,4.0,-0.047990117723847335,0.008363066080821517,4.0,-0.0939361015604542,0.005478682668306899,4.0,-0.027845727717132118,0.005151417035409922,4.0,-0.1763470876503295,0.00721332944527185,4.0,-0.043055832038275225,0.004564008731264983,4.0,0.032991186492760324,0.006096122317839532,4.0,-0.13982284158297634,0.004990748085193583,4.0,-0.11712020264544007,0.0070038902259671595,4.0,-0.1146102396944116,0.01310141286970596,4.0,-0.19457825562854025,0.016167488771411612,4.0,0.10352514257407794,0.017021849405823738,4.0,-0.0006115873550436543,0.01935860936307264,2.0,-0.02376649699656439,0.012510564086037542,4.0,-0.036991818468270384,0.017825876344366668,4.0,0.36984180841219105,0.02006736507061949,4.0,0.05699364970653499,0.013123886579624272,4.0,-0.11491319206178267,0.014897593438346037,4.0,0.0975169279366834,0.009650465540334307,4.0,NGC_6633,8.85,0.048,0.7079457843841374,0.07824505966900279,420.0,335.0,244.0,60.0,8008.0,-0.17943442900345175,0.01622843632085267,-0.05604303577271448,0.013198550108202232,-0.056487493263014624,0.013564611676247895,-0.04645218869839266,0.014945951384565228,0.03659287525813042,0.009646581587174607,-0.048315346535903296,0.01010861345652171,-0.015048634333022884,0.005298975675917078,-0.004934285685572117,0.009527384214528685,-0.050880269522178966,0.007130647900371284,0.015210104321143109,0.0068823886240007215,-0.13329125561205427,0.008535941505486602,-0.09676700954470112,0.006762968442106353,-0.07406437060716484,0.008359704181157447,-0.07155440765613638,0.013873615061747963,-0.15152242359026502,0.016799341322587133,0.14658097461235314,0.01762309657505187,0.042444244683231575,0.01988934217542417,0.019289335041710837,0.013317071354089657,0.006064013570004849,0.01840087071699908,0.41289764045046623,0.02057982790444522,0.1000494817448102,0.01389483985708022,-0.07185736002350745,0.01558102904025642,0.14057275997495866,0.01067528270558878,8.85,0.7079457843841374
5.0,NGC_2539,79.7,-0.1054757624197674,0.023077751500154658,5.0,-0.04410321210356236,0.008145164058143316,5.0,-0.08188295882561239,0.007430105558931922,5.0,-0.05923657023464232,0.0126499429323465,5.0,0.015811646123531788,0.0066578617243054725,5.0,-0.04609397927522663,0.0024504900640049693,5.0,-0.03519444136505498,0.0076241895544026566,5.0,-0.03441926510114487,0.006334697693660958,5.0,-0.06862025499229889,0.01000365721113482,5.0,-0.004369683435766743,0.008741259345371967,5.0,-0.13978746913924395,0.009628604934628708,5.0,-0.011915366959161271,0.0035301659633062226,5.0,0.0632306700220516,0.014091839722920885,5.0,-0.09365909205784267,0.00466650177044189,5.0,-0.062453152107973836,0.005337365291734944,5.0,-0.13220357454141082,0.009155603277377493,5.0,-0.2033200910806439,0.04631457417829927,5.0,0.15481894817472094,0.027219907889360826,5.0,0.05468112772959779,0.033710726971064524,5.0,0.004251118177809907,0.04186434040579645,5.0,-0.00786648781344533,0.03253532646099992,5.0,0.35516571954984705,0.017281289121214582,5.0,-0.023897889840860567,0.01121372592205808,5.0,-0.1027837287305584,0.02435389490960953,5.0,0.1167635227457331,0.02274865766890511,5.0,NGC_2539,8.85,0.048,0.7079457843841374,0.07824505966900279,1195.0,-694.0,-945.0,230.0,9083.0,-0.09356039546060613,0.023346192109879,-0.03218784514440108,0.008877261360496009,-0.06996759186645111,0.008226089006651751,-0.04732120327548105,0.013133283211752837,0.02772701308269306,0.007535860565884802,-0.03417861231606535,0.0042973216405422605,-0.023279074405893708,0.0084018056446188,-0.0225038981419836,0.007251928474451414,-0.05670488803313761,0.010608262314176409,0.007545683523394528,0.009427178086338377,-0.12787210218008271,0.010255345177791043,-0.0817437250986814,0.005851351168920137,-0.05053778514881256,0.00639918275922032,-0.12028820758224955,0.009812601240303778,-0.19140472412148266,0.0464489165971142,0.16673431513388226,0.027447867990679598,0.06659649468875906,0.03389506136070774,0.016166485136971182,0.04201291550631647,0.00404887914571594,0.03272628209333176,0.3670810865090083,0.01763816955977845,-0.0119825228816993,0.011756263045012351,-0.09086836177139714,0.024608418661035317,0.12867888970489436,0.02302093606840349,8.85,0.7079457843841374
6.0,UBC_6,89.66666666666669,-0.2078548687361769,0.008748721891745649,6.0,-0.07658396718088872,0.011387714454928791,6.0,-0.10669538474062117,0.0050462781293181035,6.0,-0.07477070565142015,0.007633381624826982,6.0,0.002861665278083307,0.003360278411856447,6.0,-0.10464514367149724,0.0058449596699347885,6.0,-0.0645248115921174,0.012582014327083795,6.0,-0.07603032068029249,0.007557875906119261,6.0,-0.0937941044497161,0.00868959448889808,6.0,-0.017852988327997667,0.002446663206719093,6.0,-0.16971448086257293,0.010663996657295588,6.0,-0.029847142112723362,0.005344364337193143,6.0,0.029813160735479394,0.010614882054343768,6.0,-0.1296761176124294,0.006835707028350842,6.0,-0.09710385930274268,0.007207533277434323,6.0,-0.1162877200798903,0.009164325589278712,6.0,-0.16601872111721686,0.02664906399653806,6.0,0.0687097006005791,0.010538742428785663,6.0,-0.015143812182114531,0.031878465366121565,6.0,-0.017609610188284625,0.021718402498380432,6.0,-0.09449202814916004,0.01855288676747869,6.0,0.2665159809665239,0.01782008875714526,6.0,0.04728963018900705,0.02585030855280804,6.0,-0.09274852785542954,0.025334369678739248,6.0,0.09086117263212376,0.01861935436856518,6.0,UBC_6,8.9,0.048,0.7943282347242822,0.08779240090657955,1439.0,-373.0,1376.0,-191.0,8821.0,-0.17800772662345354,0.010251944445214843,-0.046736825068165365,0.012579438408595829,-0.07684824262789779,0.0073503165324424035,-0.04492356353869678,0.009318301626310886,0.03270880739080667,0.006312978787692098,-0.07479800155877386,0.007919961092822747,-0.03467766947939403,0.013670015168082434,-0.04618317856756912,0.009256550025844398,-0.06394696233699274,0.010201533343088666,0.011994153784725698,0.0058777879355906395,-0.13986733874984958,0.011928246093851073,-0.09982897549970604,0.008676930375778465,-0.06725671719001931,0.008972779174480172,-0.08644057796716692,0.010608821502644415,-0.13617157900449345,0.0271796770043399,0.09855684271330246,0.011816400558078128,0.014703329930608838,0.03232334735555205,0.01223753192443874,0.022366296905172285,-0.06464488603643667,0.019307300110982573,0.2963631230792473,0.01860424127668733,0.07713677230173041,0.026396982449591516,-0.06290138574270618,0.025891939231886138,0.12070831474484715,0.01937117929478918,8.9,0.7943282347242822
3.0,Hyades,552.7666666666672,0.10501171973060718,0.012718318942252178,3.0,0.10040846889440777,0.02140575359998512,3.0,0.07033575219887701,0.01669862614052954,3.0,0.1330346910364057,0.0163322005804044,3.0,0.12765558120798642,0.017213746038290418,3.0,0.11782498337606225,0.021741309528434245,3.0,0.12118985520396053,0.01912480849446239,3.0,0.1445528473350109,0.017546807539887545,3.0,0.12468800041384605,0.020790059320874615,3.0,0.15689227477591244,0.014797609217125763,3.0,0.11692675723802487,0.02393854841114327,3.0,0.1308644954956022,0.014858280055391625,3.0,0.15762692429318734,0.004395837811435479,3.0,0.0885219052489985,0.017888925704567706,3.0,0.1287043111382172,0.01793503919694997,3.0,0.07153540770428157,0.01755759377965099,3.0,-0.04835089210917981,0.0097685041613679,3.0,0.2058905605387144,0.023249533378530158,3.0,0.08060313006504546,0.02802490054263424,3.0,0.028107366919780004,0.015189979304081216,3.0,0.044495505743967934,0.010756623898786757,3.0,0.2321851635658196,0.009781457248242248,3.0,0.1123381561572336,0.018092621424146704,3.0,0.09914716562030952,0.025143134531045525,3.0,0.1567326885865733,0.018651938265301114,3.0,Hyades,8.9,0.048,0.7943282347242822,0.08779240090657955,47.0,-44.0,0.0,-17.0,8384.0,-0.02585277576499502,0.019558223920420257,-0.03045602660119441,0.026057144382831444,-0.060528743296725175,0.022352015595592828,0.002170195540803499,0.022079611907889374,-0.0032089142876157717,0.02273942696892795,-0.01303951211953995,0.02633349627785179,-0.009674640291641669,0.024218315097345424,0.013688351839408695,0.02299258447948605,-0.0061764950817561615,0.025553767878141457,0.026027779280310248,0.020969924290450213,-0.013937738257577327,0.028174857341912107,-0.042342590246603695,0.023254723156124472,-0.002160184357384992,0.02329021505269069,-0.05932908779132062,0.02300081706234993,-0.17921538760478198,0.017781792928585987,0.07502606504311221,0.027591833728910376,-0.05026136543055673,0.03172008096819725,-0.1027571285758222,0.02124862248388973,-0.08636898975163426,0.01834321247503825,0.10132066807021736,0.017788912055087553,-0.0185263393383686,0.023411779859761644,-0.031717329875292674,0.029205234124223392,0.025868193090971103,0.023846661973053008,8.9,0.7943282347242822
5.0,NGC_2266,71.82926829268294,-0.202785115704274,0.03110889473995689,5.0,-0.08865107601314233,0.0685643251100088,5.0,-0.17571320765088955,0.0246187709482364,5.0,-0.20053092343978646,0.026659382731130585,5.0,0.061314331580276965,0.018249057766140574,5.0,-0.29723486624110235,0.061496102584834025,5.0,-0.11694579932566992,0.038762943561173116,4.0,-0.1584121299018029,0.020563331100225474,2.0,-0.10466694110693302,0.06496361326135583,5.0,-0.006751543509381221,0.02955714058290576,5.0,-0.2798059676572371,0.04418000555464128,5.0,-0.05690465898418979,0.02468479444503214,5.0,-0.06012808786542127,0.055612337584482384,5.0,-0.12345306668364354,0.06202889524851541,5.0,-0.15485956926729302,0.025898531287253286,5.0,0.09682357269665423,0.08923813240868407,5.0,-0.12513816563966124,0.20131893403425935,5.0,0.14030981157236294,0.1495403243608339,4.0,0.101075,0.0,1.0,0.13100943041783827,0.07533864447331166,5.0,0.485267057477141,0.12935364544736186,5.0,0.4757066267175956,0.06191382517174442,5.0,-0.017751234643342915,0.059211849329966815,5.0,0.04495,0.0,1.0,0.08900959679530238,0.12326605961355265,4.0,NGC_2266,8.90848501887865,0.048,0.8100000000000013,0.08983734862320532,3088.0,-3010.0,-411.0,552.0,11357.0,-0.14588045672008418,0.039712748692771284,-0.03174641702895254,0.07287253086441058,-0.1188085486666998,0.034862916685142936,-0.14362626445559665,0.03633265424378452,0.11821899056446675,0.030697999709189933,-0.24033020725691254,0.06626544883963226,-0.060041140341480136,0.045955466163669606,-0.10150747091761313,0.03212770864426826,-0.04776228212274322,0.06949539642857283,0.050153115474808566,0.038509266887739424,-0.2229013086730473,0.0506084179519734,-0.06654840769945378,0.06676018965330151,-0.09795491028310324,0.03577810782629968,0.15372823168084399,0.09258932634263692,-0.06823350665547145,0.20282665573707007,0.19721447055655275,0.1515640052477398,0.15797965898418978,0.02468479444503214,0.18791408940202808,0.07927957131486991,0.5421717164613309,0.13168790630621813,0.5326112857017854,0.06665328817238368,0.03915342434084687,0.06415124455432007,0.1018546589841898,0.02468479444503214,0.14591425577949216,0.12571340632345224,8.90848501887865,0.8100000000000013
1.0,NGC_1662,95.5,-0.20126055433045145,0.0,1.0,-0.15275874822915975,0.0,1.0,-0.1092514330436614,0.0,1.0,-0.1483807691858089,0.0,1.0,-0.019228688129167757,0.0,1.0,-0.15072028861429793,0.0,1.0,-0.07033988977029489,0.0,1.0,-0.05550587990180286,0.0,1.0,-0.12723936007255546,0.0,1.0,-0.05565573928054246,0.0,1.0,-0.2300181909650693,0.0,1.0,-0.07006418452432604,0.0,1.0,-0.02272047736038713,0.0,1.0,-0.17596552738580362,0.0,1.0,-0.16642922984084196,0.0,1.0,-0.18502306155776493,0.0,1.0,-0.3109339359628801,0.0,1.0,0.09820276743268412,0.0,1.0,,,0.0,-0.010525000000000014,0.0,1.0,,,0.0,0.39068851762584383,0.0,1.0,0.1003,0.0,1.0,-0.1984,0.0,1.0,0.042688716127258455,0.0,1.0,NGC_1662,8.845098040014257,0.048,0.7000000000000002,0.08983734862320532,423.0,-391.0,-53.0,-152.0,8732.0,-0.13119636980612534,0.0,-0.0826945637048337,0.0,-0.03918724851933536,0.0,-0.07831658466148285,0.0,0.05083549639515829,0.0,-0.08065610408997187,0.0,-0.0002757052459688436,0.0,0.014558304622523182,0.0,-0.057175175548229415,0.0,0.01440844524378358,0.0,-0.1599540064407433,0.0,-0.10590134286147758,0.0,-0.09636504531651592,0.0,-0.11495887703343888,0.0,-0.24086975143855405,0.0,0.16826695195701016,0.0,,,0.05953918452432602,0.0,,,0.4607527021501699,0.0,0.17036418452432606,0.0,-0.12833581547567394,0.0,0.1127529006515845,0.0,8.845098040014257,0.7000000000000002
6.0,NGC_2355,68.5,-0.3515775035611016,0.016497423736706762,6.0,-0.16617927774008087,0.008878327781579256,6.0,-0.18133267733799904,0.014131031341578268,6.0,-0.1951839432237395,0.014543116883045422,6.0,-0.08212852604246658,0.009410969902720914,6.0,-0.22068008734651676,0.012536719126328809,6.0,-0.11371996208786897,0.02275671498585166,6.0,-0.1929893619314233,0.015106158589055757,6.0,-0.18322774446592016,0.019603885602149658,6.0,-0.14080562989565604,0.02224675332447701,6.0,-0.3230424026054676,0.015423880450099785,6.0,-0.13818169301011654,0.009900679804641576,6.0,-0.05485076246979762,0.021663523003410148,6.0,-0.23964347582807466,0.015945984436498004,6.0,-0.22330523108842024,0.013123153008765329,6.0,-0.16361495734192086,0.01857541506571715,6.0,-0.236879396181414,0.05185621690503799,6.0,-0.07035498559822292,0.018732647353692327,6.0,,,0.0,-0.07581329311544296,0.026900969089633308,6.0,-0.130541935483871,0.03148443732758373,2.0,0.24752859512213746,0.022199003532638303,6.0,0.016408081510838227,0.053074733484005,6.0,-0.21043364821739724,0.06046078177683874,3.0,0.03950101337656259,0.021616192525389332,6.0,NGC_2355,8.97,0.048,0.9332543007969925,0.10314707716741134,1871.0,-1681.0,-726.0,383.0,10047.0,-0.21339581055098508,0.01924028197668873,-0.02799758472996433,0.013298427154787877,-0.0431509843278825,0.01725426055705387,-0.057002250213622964,0.01759334275423401,0.05605316696764996,0.013659788252529994,-0.08249839433640019,0.01597475467875786,0.02446173092224756,0.024817162157291944,-0.054807668921306764,0.018061547218102342,-0.04504605145580362,0.021962144505858445,-0.002623936885539524,0.024350390018933302,-0.18486070959535109,0.018328108160227768,-0.10146178281795808,0.018769599895657716,-0.08512353807830372,0.016438996486571315,-0.025433264331804317,0.02104921626706584,-0.09869770317129742,0.05279290380625397,0.06782670741189363,0.021188098958420824,,,0.062368399894673576,0.028665058844444126,0.007639757526245544,0.033004442949830036,0.38571028813225394,0.0243067730979685,0.15458977452095474,0.05399028426478415,-0.0722519552072807,0.061266055803034625,0.17768270638667913,0.023775685897335013,8.97,0.9332543007969925
1.0,UBC_44,69.0,-0.11866055433045145,0.0,1.0,-0.06235874822915977,0.0,1.0,-0.016901433043661387,0.0,1.0,-0.12678076918580886,0.0,1.0,0.06432131187083226,0.0,1.0,-0.1362702886142979,0.0,1.0,0.09241011022970512,0.0,1.0,-0.09970587990180288,0.0,1.0,-0.07998936007255547,0.0,1.0,0.08349426071945754,0.0,1.0,-0.2186681909650693,0.0,1.0,-0.028964184524326045,0.0,1.0,0.09022952263961287,0.0,1.0,-0.1306155273858036,0.0,1.0,-0.10667922984084197,0.0,1.0,-0.021573061557764936,0.0,1.0,,,0.0,0.09280276743268412,0.0,1.0,0.12337499999999997,0.0,1.0,0.04507499999999999,0.0,1.0,-0.087425,0.0,1.0,0.39613851762584384,0.0,1.0,0.22685,0.0,1.0,0.13824999999999998,0.0,1.0,0.35763871612725845,0.0,1.0,UBC_44,8.98,0.048,0.9549925860214368,0.10554968123965414,2609.0,-1783.0,1877.0,-318.0,10296.0,-0.08969636980612539,0.0,-0.03339456370483373,0.0,0.012062751480664656,0.0,-0.0978165846614828,0.0,0.0932854963951583,0.0,-0.10730610408997186,0.0,0.12137429475403115,0.0,-0.07074169537747682,0.0,-0.05102517554822943,0.0,0.11245844524378358,0.0,-0.18970400644074328,0.0,-0.10165134286147756,0.0,-0.07771504531651591,0.0,0.00739112296656111,0.0,,,0.12176695195701015,0.0,0.15233918452432604,0.0,0.07403918452432602,0.0,-0.058460815475673965,0.0,0.4251027021501699,0.0,0.255814184524326,0.0,0.167214184524326,0.0,0.3866029006515845,0.0,8.98,0.9549925860214368
1.0,Melotte_72,54.0,-0.21036055433045148,0.0,1.0,-0.14035874822915978,0.0,1.0,-0.2510014330436614,0.0,1.0,-0.1725807691858089,0.0,1.0,-0.05577868812916775,0.0,1.0,-0.07287028861429794,0.0,1.0,-0.07718988977029488,0.0,1.0,-0.13640587990180286,0.0,1.0,-0.10448936007255546,0.0,1.0,-0.13350573928054246,0.0,1.0,-0.3362681909650693,0.0,1.0,-0.06046418452432605,0.0,1.0,-0.20677047736038712,0.0,1.0,-0.1122155273858036,0.0,1.0,-0.15087922984084196,0.0,1.0,-0.2323730615577649,0.0,1.0,-0.2484839359628801,0.0,1.0,-0.09099723256731587,0.0,1.0,,,0.0,0.067075,0.0,1.0,-0.02802500000000001,0.0,1.0,0.26713851762584384,0.0,1.0,0.29795,0.0,1.0,0.29975,0.0,1.0,0.19563871612725847,0.0,1.0,Melotte_72,9.0,0.006999999999999999,1.0,0.016118095650958317,2530.0,-1690.0,-1868.0,236.0,10202.0,-0.14989636980612542,0.0,-0.07989456370483372,0.0,-0.19053724851933532,0.0,-0.11211658466148283,0.0,0.004685496395158292,0.0,-0.012406104089971892,0.0,-0.016725705245968836,0.0,-0.07594169537747683,0.0,-0.04402517554822942,0.0,-0.07304155475621639,0.0,-0.2758040064407433,0.0,-0.05175134286147755,0.0,-0.09041504531651592,0.0,-0.17190887703343888,0.0,-0.1880197514385541,0.0,-0.030533048042989824,0.0,,,0.12753918452432605,0.0,0.03243918452432603,0.0,0.3276027021501699,0.0,0.35841418452432605,0.0,0.36021418452432596,0.0,0.2561029006515845,0.0,9.0,1.0
6.0,NGC_6811,77.66666666666667,-0.2661549487567109,0.00933789827390649,6.0,-0.10379521114814252,0.011720984507443293,6.0,-0.12226584813738603,0.007089448635245555,6.0,-0.10548271280607216,0.00960407273462595,6.0,-0.010437597976977554,0.004420233191883269,6.0,-0.12475102937450737,0.01379830246506462,6.0,-0.05593240852156713,0.009432338692501476,6.0,-0.03963116373125175,0.009518099880335432,6.0,-0.10232873509623862,0.006184193104754699,6.0,-0.056781777131171836,0.0074082542459334814,6.0,-0.18755130549214666,0.01064844208327316,6.0,-0.05908277753618359,0.007065870295440713,6.0,0.044320524510291316,0.005831390453744974,6.0,-0.1507831971209603,0.010534436765315857,6.0,-0.12967160327826,0.009141206319188456,6.0,-0.10773509115982374,0.018663915727995483,6.0,-0.21656984093295972,0.011395795569516452,6.0,0.0911628393316351,0.009217673037724793,6.0,-0.033020382374118015,0.025276362168164004,3.0,-0.050014009001699805,0.01909956979330655,6.0,0.025963878179507467,0.02604239827609209,6.0,0.3536314545949989,0.01218034210833563,6.0,-0.027699553662573786,0.03120130902964832,6.0,-0.09705890519831008,0.035198820074157665,5.0,0.10129142954484163,0.01102318827281361,6.0,NGC_6811,9.04,0.006999999999999999,1.0964781961431829,0.01767314044462606,1128.0,206.0,1084.0,234.0,8205.0,-0.2070721712205273,0.011709947361359795,-0.04471243361195894,0.013686051324458676,-0.06318307060120243,0.010009335891245558,-0.046399935269888566,0.011923285458462236,0.04864517955920603,0.00833456564570812,-0.0656682518383238,0.015502247383827928,0.003150369014616454,0.011785395039711308,0.01945161380493184,0.011854144775732779,-0.04324595756005503,0.009389929040673685,0.0023010004050117512,0.010237614663796586,-0.12846852795596309,0.012779508669460428,-0.09170041958477672,0.012684671103124032,-0.07058882574207641,0.011553708322524087,-0.04865231362364016,0.01995665987418006,-0.15748706339677615,0.013408604688564809,0.15024561686781868,0.011614302357971831,0.026062395162065568,0.026245399739538808,0.009068768534483782,0.02036467749121943,0.08504665571569106,0.026983940242347782,0.4127142321311825,0.014081450809774024,0.0313832238736098,0.031991377091266406,-0.037976127662126505,0.03590102307239887,0.16037420708102526,0.013093403023274237,9.04,1.0964781961431829
3.0,NGC_1817,73.66666666666667,-0.31618715596722097,0.008449871292340809,3.0,-0.16984280190702122,0.01668153354538713,3.0,-0.16075744915776669,0.023192048388063914,3.0,-0.17509487505112178,0.004728664952526401,3.0,-0.052428592865870566,0.014513057034479962,3.0,-0.18942107629983115,0.012573864506573091,3.0,-0.1258496733994245,0.02078299028042014,3.0,-0.15603660419287724,0.014613637142607312,3.0,-0.18015224379348568,0.014232565995087104,3.0,-0.1147323674975292,0.015026129125919416,3.0,-0.3166865436997586,0.018463821186178786,3.0,-0.1236993392759192,0.01223294786830651,3.0,-0.01789877031926398,0.0058992880238670645,3.0,-0.2508560424040075,0.010721393790512956,3.0,-0.21053002389931547,0.01313159758351827,3.0,-0.16390127418883058,0.02211158856606025,3.0,-0.2441033609558776,0.04366134497125386,3.0,-0.04708891227629605,0.0164784967119326,3.0,,,0.0,-0.053185297227344254,0.06287663353126723,3.0,-0.09961954419889504,0.0797653660654118,2.0,0.2733171312795433,0.020045177870171224,3.0,0.014560447501305931,0.07253407754849728,3.0,-0.2401571553228622,0.007073991971575887,2.0,0.0494915213086945,0.01118608380573471,3.0,NGC_1817,9.05,0.006999999999999999,1.1220184543019651,0.018084800768579483,1753.0,-1698.0,-184.0,-395.0,10040.0,-0.19248781669130174,0.014867593564724257,-0.04614346263110203,0.020686192858391825,-0.03705810988184749,0.026220528636604616,-0.05139553577520259,0.01311507856560365,0.07127074641004863,0.01898088085508081,-0.06572173702391193,0.017542721629734748,-0.002150334123505293,0.024115922096091258,-0.032337264916958035,0.01905789610855555,-0.05645290451756649,0.01876728398978431,0.008966971778389982,0.0193760050076766,-0.19298720442383946,0.02214853734095977,-0.1271567031280883,0.016266324058002612,-0.08683068462339627,0.017946695201183076,-0.04020193491291138,0.025269890432359044,-0.12040402167995842,0.045342673699811084,0.07661042699962314,0.02052281334110599,,,0.07051404204857495,0.06405557007609862,0.02407979507702417,0.08069794691996726,0.3970164705554625,0.023483061329296638,0.1382597867772251,0.07355839462196087,-0.11645781604694301,0.014131042989200229,0.1731908605846137,0.016576292844228624,9.05,1.1220184543019651
7.0,NGC_752,75.71428571428571,-0.27720029728955004,0.008167138309148003,7.0,-0.08188138627623615,0.006353263151819929,7.0,-0.10017083522259934,0.0041802029855279,7.0,-0.08531230258140479,0.005177065626215375,7.0,-0.01228376150061744,0.004412744277156203,7.0,-0.1090378844686858,0.008358117745751873,7.0,-0.05484079788645218,0.011224308568193064,7.0,-0.07073963612375099,0.0072534197338509875,7.0,-0.09027855167947264,0.00475671036958264,7.0,-0.050798203588188144,0.006693585170437271,7.0,-0.1934241964498717,0.012697826752674751,7.0,-0.05344606856234745,0.005535078898260665,7.0,-0.012792684239489021,0.012484287680155163,7.0,-0.13704759673631495,0.005744680852596674,7.0,-0.11227954355983054,0.004463095440573038,7.0,-0.12798102406777034,0.02080632456872129,7.0,-0.2421145519231937,0.018957021040390976,7.0,0.032787805970741705,0.011905099677906742,7.0,-0.06172124330574458,0.016527770092631115,6.0,-0.040382173382359256,0.01892541345619405,7.0,-0.1104485867786976,0.011665534927259576,7.0,0.2603822341749668,0.013137039443247378,7.0,-0.07052146967022574,0.0085333730034211,7.0,-0.00883468707283099,0.02305165799947347,6.0,0.1019587337667712,0.011050857062959912,7.0,NGC_752,9.08,0.006999999999999999,1.2022644346174132,0.01937821315490879,478.0,-321.0,299.0,-189.0,8666.0,-0.22375422872720255,0.009866065404745876,-0.0284353177138887,0.008426212143439268,-0.046724766660251896,0.006936223425624845,-0.031866234019057346,0.007578859208885682,0.041162307061730005,0.007078800072437794,-0.05559181590633837,0.010024730952091577,-0.0013947293241047404,0.012514879194142577,-0.017293567561403544,0.009124099749859678,-0.036832483117125184,0.0072981773032768605,0.0026478649741593016,0.00868568827692246,-0.13997812788752428,0.01385178337438588,-0.08360152817396753,0.00797737152877822,-0.058833474997483086,0.007110296711223403,-0.07453495550542293,0.021529984683435,-0.18866848336084624,0.01974856311572557,0.08623387453308914,0.013128918338951832,-0.008275174743397132,0.017429982290433976,0.01306389517998819,0.01971822438501655,-0.05700251821635016,0.012912079753048443,0.3138283027373143,0.014255486794333187,-0.017075401107878294,0.010171310300324464,0.04461138148951645,0.02370687737629441,0.15540480232911866,0.012359552590443615,9.08,1.2022644346174132
9.0,IC_4756,92.02777777777789,-0.2363734545797617,0.005842023006337057,9.0,-0.1061303810066314,0.010287697799399276,9.0,-0.10487834424319488,0.0036875511293324296,9.0,-0.11749352275790816,0.0071588414819590065,9.0,-0.013839528511895871,0.007156371305107481,9.0,-0.13378136067586102,0.009973703386796215,9.0,-0.0710110642468238,0.0065179160718943025,9.0,-0.08658633930576161,0.01131710849362149,9.0,-0.1198541879335857,0.007258187805260623,9.0,-0.05587364170281424,0.00690909072981482,9.0,-0.20541465518259427,0.008115621681199316,9.0,-0.06345099366245956,0.006478504831903581,9.0,0.0007181342442597617,0.010954223293655464,9.0,-0.16180339540209626,0.008553338465053838,9.0,-0.14222528598477635,0.006605603526692827,9.0,-0.1322661783781376,0.011552513553950577,9.0,-0.16018160375215704,0.014926427142382856,9.0,0.0052306330203686115,0.015150479445563202,9.0,-0.05955974661075436,0.017513198856834087,6.0,-0.05461166444758105,0.014126000642083187,9.0,-0.08572283112952518,0.016875252650475448,8.0,0.2939690968611959,0.016878222876052184,9.0,0.0040348339977940495,0.017307094065555296,9.0,-0.12588715058282246,0.016308052403120908,7.0,0.08127541340886041,0.011350945731668756,9.0,IC_4756,9.12,0.006999999999999999,1.3182567385564048,0.02124778820457249,501.0,401.0,295.0,46.0,7943.0,-0.17292246091730212,0.00872354616331968,-0.042679387344171836,0.01215762110236878,-0.041427350580735316,0.007454465654118941,-0.0540425290954486,0.00965505236758533,0.04961146515056368,0.009653220970927984,-0.07033036701340148,0.011893098170989273,-0.0075600705843642405,0.009189899606484073,-0.023135345643302045,0.013040244227521114,-0.05640319427112614,0.00972894213537279,0.0075773519596453185,0.00947135468503905,-0.14196366152013473,0.01038433147243242,-0.0983524017396367,0.010729893930266394,-0.0787742923223168,0.009252298244698708,-0.06881518471567802,0.013245059240003793,-0.09673061008969752,0.016271731687004357,0.06868162668282816,0.016477501396978584,0.0038912470517051827,0.018673059713287823,0.008839329214878509,0.015540750271371475,-0.022271837467065625,0.01807609407129695,0.3574200905236554,0.018078867008490585,0.0674858276602536,0.01847989528787913,-0.0624361569203629,0.017547751936927296,0.14472640707131995,0.013069621029711887,9.12,1.3182567385564048
6.0,NGC_6940,79.5,-0.07486041359851876,0.06275410902882275,6.0,-0.017132206066338525,0.02081692869240795,6.0,-0.02012523987809655,0.016305326472051,6.0,0.012822370570098251,0.01443907644433404,6.0,0.03837310124716463,0.010026987572894584,6.0,-0.02433841922799009,0.018038001124489344,6.0,0.011709831602466574,0.012894478278446076,6.0,0.0007478423988401401,0.019037470060527542,6.0,-0.047521093570377065,0.015911162035904137,6.0,0.02078106042968766,0.018916336393885333,6.0,-0.1288358968719847,0.02868261453324524,6.0,0.009372413062782171,0.01005574178672859,6.0,0.08415086318093125,0.018784595576773738,6.0,-0.06402483282729551,0.014889142535648587,6.0,-0.026884642916245597,0.01254345231187285,6.0,-0.07265158156256386,0.04558478555141783,6.0,-0.17876842219164413,0.042372656015862285,6.0,0.17409003150756727,0.02166319759837617,6.0,0.039792564358726405,0.029188371104041343,6.0,0.03390474813187665,0.02940449185683705,6.0,0.010505780442950554,0.04103821143832563,6.0,0.3095938268868592,0.0263655358330682,6.0,0.0729559483324837,0.04194090182186417,6.0,0.027768290367083445,0.025119548784333826,6.0,0.10491377907907977,0.025014114033392643,6.0,NGC_6940,9.14,0.006999999999999999,1.3803842646028863,0.022249165611947088,1075.0,367.0,1001.0,-134.0,8035.0,-0.08423282666130094,0.06355467050408438,-0.026504619129120697,0.02311844421811634,-0.029497652940878718,0.0191567641902678,0.0034499575073160807,0.017595592386921266,0.029000688184382457,0.014200648670689025,-0.033710832290772264,0.020651572033345025,0.002337418539684402,0.01635192688812781,-0.008624570663942031,0.02153005362712416,-0.05689350663315922,0.01882240739688089,0.011408647366905493,0.021423018588611408,-0.13820830993476688,0.030394248129277532,-0.07339724589007768,0.01796676120863801,-0.03625705597902777,0.016076571113940556,-0.08202399462534604,0.0466807306781943,-0.1881408352544263,0.04354951114214658,0.1647176184447851,0.023883301134216155,0.030420151295944237,0.03087197678459537,0.024532335069094482,0.03107639110707928,0.0011333673801683824,0.04225225131206715,0.30022141382407697,0.02821806908075325,0.06358353526970154,0.04312953962787696,0.018395877304301277,0.027057525275048462,0.0955413660162976,0.026959670690810195,9.14,1.3803842646028863
6.0,NGC_2354,66.16666666666667,-0.3360051066428674,0.03253561574372005,6.0,-0.1422334751460624,0.02010748604262279,6.0,-0.15281012677379074,0.012385101363989138,6.0,-0.13186243153197086,0.02071592436105174,6.0,-0.059374491573153575,0.013640041456205405,6.0,-0.20236034600636207,0.029046056304923126,6.0,-0.13189003028145044,0.018352763266057625,6.0,-0.14709569094658098,0.013655999949611287,6.0,-0.18443983329641456,0.016517226261690346,6.0,-0.11804947613002155,0.02015713262494269,6.0,-0.31266404249322377,0.02741480310728185,6.0,-0.14418740777726338,0.017783410024668673,6.0,-0.06438341117126507,0.03849100517359574,6.0,-0.22180450004982188,0.015875032799336355,6.0,-0.221925222578142,0.016635650829838224,6.0,-0.2368140748402457,0.02979084989769938,6.0,-0.28753120457209885,0.06520568265127816,6.0,-0.0977818471142755,0.026192169885399283,6.0,-0.11006936231327444,0.038795022713936984,5.0,-0.18402011038318716,0.040043928913548785,6.0,-0.17387108199726306,0.057441214534563474,6.0,0.16156111639436893,0.031186282582336668,6.0,-0.054408330555115854,0.07169288508931891,6.0,-0.19423432669804344,0.04951544964461231,5.0,0.008953349996472517,0.03589636675306185,6.0,NGC_2354,9.16,0.006999999999999999,1.445439770745928,0.023297736482582137,1329.0,-691.0,-1123.0,-158.0,9101.0,-0.19181769886560404,0.037078510810555625,0.001953932631200972,0.026843261110747262,-0.008622718996527362,0.02167118842845892,0.012324976245292524,0.02730199982122744,0.0848129162041098,0.022412059321545802,-0.058172938229098685,0.034057643179971384,0.012297377495812944,0.025555304568825637,-0.002908283169317599,0.022421775280500645,-0.040252425519151175,0.024270732075595897,0.026137931647241836,0.02688047000640084,-0.1684766347159604,0.03267753205975808,-0.0776170922725585,0.023838337578058824,-0.0777378148008786,0.02435147943427223,-0.09262666706298237,0.034695019955791086,-0.14334379679483547,0.06758720827290238,0.046405560662987885,0.031658797125145216,0.03411804546398893,0.042676732061866826,-0.03983270260592375,0.04381513340090197,-0.02968367421999965,0.060131046883546216,0.30574852417163234,0.035900332775767436,0.08977907722214754,0.07386554978158473,-0.05004691892078006,0.05261206539961745,0.1531407577737359,0.04005994031667808,9.16,1.445439770745928
4.0,Skiff_J1942+38.6,76.75,-0.0930545824905702,0.05155537623046756,4.0,-0.006347426989035874,0.019608287461128297,4.0,-0.03854231087741209,0.017814999575370076,4.0,-0.061868345541418526,0.02615136439904884,4.0,0.05208389328448978,0.006004062279631805,4.0,-0.08252605601550501,0.010749825321085059,4.0,-0.0004555952458962821,0.006442341598840291,4.0,-0.04835865313893235,0.025604291232694545,4.0,-0.037578533180060686,0.014072829982833969,4.0,-0.017681393648852347,0.024522219471754,4.0,-0.08875328723574329,0.0244979097097516,4.0,-0.001649673763579996,0.008640865282268545,4.0,0.12733006632421198,0.06465705341562687,4.0,-0.06112693304621718,0.006379279714177052,4.0,-0.041839757550375285,0.013542962720206185,4.0,-0.1021320238744968,0.05249333713444332,4.0,-0.2495543343680519,0.06048167551601283,4.0,0.07375908070936407,0.01652160535478025,4.0,-0.039487488164572905,0.041658426643828,4.0,-0.14862772689951162,0.1074078099788284,4.0,-0.03776403209007538,0.01613957791113602,4.0,0.22949469798797184,0.04352460613010397,4.0,-0.06687827748864332,0.0644311731637149,4.0,0.10499710559743544,0.010911953518557426,4.0,0.17502218494967406,0.01373842455158031,4.0,Skiff_J1942+38.6,9.18,0.006999999999999999,1.5135612484362069,0.024395724975878674,2265.0,667.0,2144.0,297.0,7966.0,-0.0914049087269902,0.05227448106955605,-0.004697753225455878,0.02142777379908036,-0.036892637113832095,0.019799968754943782,-0.060218671777838524,0.027541939161180223,0.053733567048069766,0.010522039568639313,-0.08087638225192502,0.01379214621660296,0.0011940785176837141,0.010778140753509484,-0.046708979375352365,0.027023032441880996,-0.03592885941648069,0.01651390615669305,-0.016031719885272352,0.026000073089266204,-0.08710361347216329,0.02597714635931852,-0.059477259282637175,0.01074056620937764,-0.0401900837867953,0.016064756209392298,-0.1004823501109168,0.05319976500264489,-0.2479046606044719,0.06109580694328031,0.07540875447294408,0.018644784695067338,-0.03783781440099291,0.042545141476618836,-0.14697805313593162,0.10775482447331268,-0.03611435832649538,0.018307116866834703,0.23114437175155186,0.04437404524727262,-0.06522860372506334,0.06500800433853457,0.10664677936101544,0.01391888222586396,0.17667185871325405,0.016229875599824497,9.18,1.5135612484362069
6.0,NGC_7789,69.41666666666667,-0.21173795336325896,0.04856946301191385,6.0,-0.08843758316751195,0.016600404901882384,6.0,-0.0886796183862561,0.02250252557269625,6.0,-0.08436164416827772,0.02916427774272307,6.0,-0.006496878778561684,0.012874407383730949,6.0,-0.10860698625122216,0.010174354331666713,6.0,-0.07772100092919054,0.026461329439167867,6.0,-0.08439903288126778,0.03685135908282956,6.0,-0.12668431561248986,0.02697711947529198,6.0,-0.029204584363512226,0.013685627485277073,6.0,-0.1697968652099578,0.016523025865978026,6.0,-0.047083582205213616,0.01772748469794882,6.0,-0.1315802092827473,0.04451459756477637,6.0,-0.12538851306336166,0.01801790288248655,6.0,-0.08619302644790093,0.023449974120636444,6.0,-0.1853418806299056,0.049315115092735284,6.0,-0.2567790795155747,0.04484373621054158,5.0,-0.04295561176694579,0.041819629079357296,6.0,-0.09807541663389904,0.01339392064850114,5.0,-0.06483248898689624,0.0494204318665752,6.0,-0.05386591985763744,0.04426999294014188,5.0,0.2403375953562213,0.01923447495833227,6.0,-0.06513719884975581,0.029491448235943313,5.0,-0.0418134974743594,0.03473701359030445,5.0,0.0684397778563561,0.026337354718014343,6.0,NGC_7789,9.18,0.006999999999999999,1.5135612484362069,0.024395724975878674,2049.0,-879.0,1841.0,-191.0,9401.0,-0.16465437115804538,0.05170354389190045,-0.041354000962298326,0.02428656329377317,-0.04159603618104248,0.02864659440257878,-0.0372780619630641,0.034129441981531165,0.04058670342665194,0.021909223610120817,-0.06152340404600855,0.020439696665614064,-0.03063741872397692,0.03185067769144295,-0.037315450676054164,0.040893598276107404,-0.07960073340727622,0.032280469155515495,0.0178789978417014,0.0223955378006821,-0.12271328300474416,0.02423373882593828,-0.07830493085814799,0.02527664016436375,-0.039109444242687294,0.02939668348597386,-0.13825829842469195,0.052404620887148284,-0.20969549731036108,0.04822058057548299,0.0041279704382678325,0.045421856963922515,-0.05099183442868542,0.022218479337127343,-0.017748906781682616,0.05250374081524869,-0.006782337652423816,0.047687482515186536,0.2874211775614349,0.02615776635415801,-0.018053616644542192,0.03440943522886322,0.005270084730854226,0.03899902340942662,0.11552336006156973,0.03174775531054947,9.18,1.5135612484362069
4.0,NGC_6991,76.75,-0.3057647585744833,0.01967156236558201,4.0,-0.10419914610622773,0.004006350536449017,4.0,-0.1342598845952383,0.014332678688213163,4.0,-0.08138416678134733,0.011398255766581723,4.0,-0.02787224533011724,0.009033124129955146,4.0,-0.12901029701225614,0.013153571119857665,4.0,-0.07537748804217831,0.007440093980708344,4.0,-0.0750123397582089,0.006526553050645074,4.0,-0.1040617722015784,0.006108996353094803,4.0,-0.05905388511833262,0.013154430015866156,4.0,-0.17993979096231036,0.01284648543007103,4.0,-0.06760206519392782,0.008535630523010705,4.0,0.0013992672254295956,0.02071239155839372,4.0,-0.13987085242795294,0.0126575334816838,4.0,-0.113300667442671,0.009316340914740392,4.0,-0.11186520569107232,0.005347979928225716,4.0,-0.1932845237345802,0.0073419097224025785,4.0,0.006196419290774604,0.023126289074252227,4.0,-0.0360369999012199,0.052884621356138806,4.0,-0.02578782902846001,0.029179882927839136,4.0,-0.02045333316188484,0.033308416595092934,4.0,0.2390535529408088,0.022558342549689768,4.0,-0.07295235666150111,0.010415739304581938,4.0,-0.1757513240992025,0.03735445432668223,4.0,0.10613937392437392,0.01985466138659105,4.0,NGC_6991,9.21,0.006999999999999999,1.6218100973589331,0.026140490276921315,569.0,26.0,568.0,15.0,8333.0,-0.23816269338055546,0.021443585388836783,-0.03659708091229988,0.009429095027957735,-0.06665781940131046,0.01668180646107944,-0.013782101587419493,0.014239986760729998,0.039729819863810585,0.012427965238627357,-0.06140823181832832,0.015680351451115678,-0.007775422848250473,0.011323073207708432,-0.007410274564281061,0.010744900332168584,-0.03645970700765057,0.010496514891499827,0.008548180075595206,0.015681071948934883,-0.11233772576838252,0.015423656386550475,-0.07226878723402512,0.015266634935875632,-0.04569860224874316,0.01263531544778435,-0.044263140497144485,0.010072630130112848,-0.12568245854065235,0.011258802191941268,0.07379848448470244,0.02465121162886786,0.03156506529270794,0.05356902243281582,0.04181423616546783,0.030402673502633776,0.047148732032043006,0.034384700151340784,0.30665561813473663,0.0241191999663027,-0.005350291467573279,0.01346642542348804,-0.10814925890527466,0.03831725781510912,0.17374143911830175,0.02161167664022256,9.21,1.6218100973589331
5.0,NGC_6939,55.8,-0.20134458068072286,0.03307904108202822,5.0,-0.032672954798024574,0.01235341949187351,5.0,-0.055040184442639466,0.0218536051032818,5.0,-0.055719684483590784,0.014248841965214185,5.0,0.024561106949252003,0.012715366649433487,5.0,-0.10928069224124247,0.023384048509672142,5.0,-0.04136196884137856,0.0224757448822857,5.0,-0.09235314057414999,0.02297639004941324,5.0,-0.04301354050106401,0.011622065193711744,5.0,0.013781830393765177,0.018941115089400988,5.0,-0.2053537459049188,0.024890915298545188,5.0,-0.03225649878575888,0.014832799456716684,5.0,-0.03783543528825401,0.02140609241460436,5.0,-0.08640082549427003,0.02026335876013237,5.0,-0.07751358575376885,0.010244307217412832,5.0,-0.06614862052765058,0.0385389192134642,5.0,-0.17699275238852524,0.08252278818974486,5.0,-0.054237898057953024,0.037886638590890614,5.0,-0.03747680886101732,0.024362595597051017,5.0,-0.14818551575780112,0.051279380959018565,5.0,0.10971239712214896,0.034168045157276714,5.0,0.2341593608703005,0.0314308166446747,5.0,-0.051907716034800065,0.057622018096366974,5.0,-0.05557864184662036,0.05354649054112213,5.0,0.06595846723110356,0.03201510070347075,5.0,NGC_6939,9.24,0.006999999999999999,1.7378008287493762,0.028010039980097087,1770.0,-178.0,1720.0,376.0,8690.0,-0.16908808189496394,0.03625237783414608,-0.000416456012265698,0.019303339422632945,-0.02278368565688059,0.026411966903912308,-0.023463185697831908,0.020567971146246374,0.05681760573501087,0.01953695187977644,-0.07702419345548359,0.027691617223013082,-0.00910547005561968,0.02692900012508386,-0.06009664178839112,0.027348243808807,-0.010757041715305136,0.01884368167556597,0.04603832917952405,0.024057800825368653,-0.17309724711915989,0.028975327506734518,-0.05414432670851115,0.025112061802349244,-0.045257086968009966,0.018026585092243936,-0.033892121741891705,0.04129479669238117,-0.14473625360276635,0.08384522950253442,-0.021981399272194148,0.04068672170917603,-0.005220310075258444,0.028522762908747543,-0.11592901697204225,0.053381521627463284,0.14196889590790784,0.03724872144910312,0.2664158596560593,0.034754973380429086,-0.019651217249041186,0.05950049503341311,-0.023322143060861483,0.05556292458999667,0.09821496601686244,0.03528425445969559,9.24,1.7378008287493762
7.0,NGC_2420,68.28571428571429,-0.4695576767438173,0.014374150200920638,7.0,-0.16697942449407796,0.01616444817598811,7.0,-0.18982795989895385,0.0132074969619242,7.0,-0.1875960857443476,0.012395364863161387,7.0,-0.15074350751252588,0.015335693880059563,7.0,-0.1858484820810586,0.024879918245305416,7.0,-0.15506114661777518,0.03160783291086765,7.0,-0.14711497638028373,0.027997229159146358,7.0,-0.20559686392726573,0.020567386896524237,7.0,-0.18350355372356034,0.025866526606170916,7.0,-0.35027003365540577,0.021433776355153162,7.0,-0.18606253651307766,0.01690492904407811,7.0,-0.1385754659809193,0.0385603883711792,7.0,-0.24138905891626905,0.015034720020452676,7.0,-0.22200027613129092,0.019829938375470056,7.0,-0.19042517069059944,0.020682795016722974,7.0,-0.3428284821002471,0.04514665758884703,7.0,-0.08694179388537407,0.027483701037516867,7.0,-0.281037149857727,0.032467533145194086,5.0,-0.21302794664497549,0.03820375038819393,7.0,-0.23318997001462186,0.02833084442638321,7.0,0.11008819270164176,0.035008889578585736,7.0,-0.12887545595160796,0.027519496266966436,7.0,-0.1566644480895328,0.030158154123284132,7.0,-0.059256254621862924,0.018565369863877964,7.0,NGC_2420,9.29,0.006999999999999999,1.9498445997580416,0.03142778176340465,2501.0,-2238.0,-732.0,840.0,10604.0,-0.2834951402307395,0.02218992609234971,0.01908311201899976,0.02338944229389664,-0.0037654233858761274,0.021452612940724786,-0.0015335492312698873,0.02096238765208323,0.03531902900055184,0.022824551096751317,0.00021405443201910626,0.030079676824700044,0.031001389895302545,0.03584454947836064,0.03894756013279399,0.0327050679035386,-0.01953432741418804,0.02662318594264466,0.0025589827895173838,0.030900709128644014,-0.16420749714232805,0.02729804745449825,-0.0553265224031913,0.02262342662106508,-0.035937739618213234,0.026057687578913358,-0.0043626341775217245,0.026712443461598498,-0.15676594558716936,0.04820785534982773,0.09912074262770364,0.032266553096122946,-0.09497461334464928,0.036604881293614284,-0.02696541013189777,0.04177682574955574,-0.047127433501544115,0.03299111049809091,0.2961507292147195,0.03887671508127873,0.05718708056146976,0.032297047864671705,0.029398088423544914,0.03457297913268504,0.1268062818912148,0.025108755129792947,9.29,1.9498445997580416
5.0,NGC_7762,65.6,-0.2805743756435182,0.008339820565519284,5.0,-0.03922628317878319,0.009290123994392066,5.0,-0.08596482776088883,0.016579130252919932,5.0,-0.0910735353878572,0.011065981122685423,5.0,-0.012779900752514313,0.00671336937949199,5.0,-0.10790188010403992,0.016959559788051526,5.0,-0.07448126122158802,0.015559255767607569,5.0,-0.09051340606683787,0.019864421978800846,5.0,-0.07799314911657472,0.006384988465458247,5.0,-0.02968779345995125,0.011760819509600591,5.0,-0.183127659363152,0.014398507604211344,5.0,-0.051243944340128376,0.00983821582885042,5.0,-0.06598215628490611,0.023464638205799943,5.0,-0.11865144402264755,0.004268044063594849,5.0,-0.0803629755052476,0.007696398055070061,5.0,-0.1563583136597801,0.007477566751046469,5.0,-0.2416194742674335,0.04248849893739723,5.0,-0.01908538759654552,0.03641315192004487,5.0,-0.0783992571897972,0.01460434020396103,5.0,-0.20688798831329736,0.04712368729237229,5.0,-0.21223416734329706,0.021620992729207453,5.0,0.13299346590436786,0.0291081182359927,5.0,-0.036685793039329874,0.033146351320695606,5.0,-0.013039184785285342,0.05351303937195335,5.0,0.03636541855937375,0.018817820087232463,5.0,NGC_7762,9.31,0.006999999999999999,2.041737944669532,0.03290892748637456,872.0,-396.0,771.0,88.0,8770.0,-0.22933043130338984,0.01289740662924533,0.012017661161345186,0.013531330109276849,-0.034720883420760434,0.019278434859664517,-0.03982959104772881,0.014806972307081319,0.03846404358761407,0.011910491976427491,-0.056657935763911524,0.01960655907852108,-0.023237316881459656,0.01840871887820748,-0.03926946172670951,0.022167222452235846,-0.02674920477644636,0.011728536498603644,0.021556150880177125,0.015333211217238381,-0.1318837150230236,0.01743867861747486,-0.06740749968251916,0.010724117251495816,-0.02911903116511922,0.012490998107322295,-0.10511436931965172,0.012357366030485569,-0.19037552992730508,0.04361264762254464,0.03215855674358286,0.03771880331409402,-0.027155312849668833,0.017609010292690373,-0.155644043973169,0.048139717435027936,-0.16099022300316868,0.023754111587080764,0.18423741024449625,0.03072577155964637,0.014558151300798503,0.03457558526720875,0.03820475955484304,0.05440988764479552,0.08760936289950212,0.021234425905366328,9.31,2.041737944669532
4.0,NGC_6819,60.5,-0.17712966978942635,0.0506840545443257,4.0,-0.0248289567195876,0.02450168463604292,4.0,-0.07607221621916982,0.01923527307697761,4.0,0.01701141336809251,0.01654058665627921,4.0,-0.0010299548406520849,0.011788080477239829,4.0,-0.05260209049222081,0.019498904231470986,4.0,-0.013608594859689896,0.008598267818608354,4.0,-0.101006512713353,0.009180830980019818,4.0,-0.04906898318276805,0.0050396624908240605,4.0,-0.03607964377216797,0.011752229295234144,4.0,-0.14583439896661454,0.015048394683304862,4.0,-0.049791361331881695,0.009980430329264751,4.0,-0.09531471573416636,0.025548234084436947,4.0,-0.06732153870271558,0.0104859614751943,4.0,-0.05877888386390182,0.018844113264745846,4.0,-0.14729730868859248,0.02929681856421092,4.0,-0.2287200740145177,0.09381262579007607,4.0,-0.02721562851184161,0.02624419446071576,4.0,-0.1293532386674429,0.02393155674626456,4.0,-0.11484363504034766,0.030332419273423287,4.0,-0.1110507763617168,0.0386959689754813,4.0,0.1189356541897205,0.0186413737319254,4.0,-0.15811300337182607,0.03801356732167662,4.0,0.04320317022746085,0.08629690439550294,4.0,-0.02939308011615545,0.027822926927625426,4.0,NGC_6819,9.35,0.006999999999999999,2.2387211385683377,0.036083921447266784,2679.0,731.0,2547.0,395.0,8023.0,-0.12733830845754465,0.05165735547440936,0.02496240461229409,0.02645640828913497,-0.026280854887288138,0.02167036501545849,0.0668027746999742,0.01931838493485389,0.04876140649122961,0.015445641161673754,-0.002810729160339115,0.0219047085300258,0.0361827664721918,0.01317342776341161,-0.05121515138147131,0.01356084979051827,0.0007223781491136477,0.011180661321170886,0.013711717559713723,0.015418297018966371,-0.09604303763473288,0.018057219390089547,-0.017530177370833868,0.014476338543173362,-0.008987522532020134,0.021323920706377567,-0.09750594735671078,0.03095016264160176,-0.17892871268263602,0.0943420253502444,0.02257573282004009,0.02807786908668768,-0.07956187733556119,0.02592929613115228,-0.06505227370846595,0.03193218828292305,-0.0612594150298351,0.03996231980889897,0.1687270155216022,0.021144971131941186,-0.10832164203994438,0.03930191204098025,0.09299453155934254,0.08687211691793796,0.02039828121572624,0.029558826979047933,9.35,2.2387211385683377
5.0,FSR_0278,78.17886178861788,-0.09323694000854374,0.016440725927301388,5.0,0.0652987918786101,0.006501270099759365,5.0,0.006247813487106521,0.017150105552682017,5.0,0.06662439019502092,0.025317439954665,5.0,0.04289494431054108,0.006753371023392605,5.0,-0.01150173140170093,0.01580502276430032,5.0,0.0011337768679059348,0.02109056869875018,5.0,-0.0072789573788341454,0.012721064065165736,5.0,0.025426662276357374,0.00639323745981545,5.0,0.025112824259826482,0.012877561400117863,5.0,0.02757229099111467,0.01234367843479251,5.0,0.024220496550264474,0.006691673961899458,5.0,-0.02441570586055027,0.008912300734419476,5.0,0.013834945605002574,0.006325556778688751,5.0,0.02452081657369601,0.011706665282389134,5.0,-0.10280976528892782,0.01305520309746452,5.0,-0.19843135346568724,0.03436698589605233,5.0,0.06384278281952868,0.07368288783341895,5.0,-0.03163439100243739,0.0392888422239915,5.0,-0.2367145823428864,0.06934628675214104,4.0,-0.11484223772949625,0.035039524247541184,5.0,0.09776329963660962,0.031595177529388445,5.0,-0.04511230888568688,0.028493216285358388,4.0,0.17305236381129088,0.04135950826683252,5.0,0.01946857765450472,0.013209862793163482,5.0,FSR_0278,9.369215857410143,0.006999999999999999,2.340000000000003,0.037784504273059134,1655.0,61.0,1642.0,196.0,8439.0,-0.11745743655880822,0.01775037941648018,0.041078295328345615,0.009329791708413877,-0.017972683063157954,0.01840936231596569,0.04240389364475645,0.02618685292795663,0.01867444776027661,0.00950718257907999,-0.035722227951965405,0.017163252750933153,-0.02308671968235854,0.022126694024391987,-0.03149945392909862,0.014373725034326146,0.0012061657260929034,0.00925483579702799,0.0008923277095620082,0.014512411516566388,0.003351794440850195,0.014040829666153096,-0.0103855509452619,0.009208212039955336,0.00030032002343154124,0.01348423199319332,-0.1270302618391923,0.01467027022002016,-0.22265185001595167,0.035012400945833785,0.039622286269264215,0.0739861234278737,-0.05585488755270186,0.03985463114512617,-0.2609350788931508,0.06966840020211842,-0.1390627342797607,0.0356727733699861,0.07354280308634514,0.03229603293790021,-0.06933280543595136,0.029268445033800067,0.1488318672610264,0.04189734388343192,-0.004751918895759753,0.014808071293270038,9.369215857410145,2.340000000000003
6.0,Ruprecht_171,71.83333333333333,-0.1902473815427423,0.03156922624420222,5.0,0.0014748908563137068,0.011230678213582885,6.0,-0.027234152188785297,0.026793913459664236,6.0,0.017932609411272473,0.017246815394829737,6.0,-0.003104844891811335,0.01788846255701562,6.0,-0.0923851892006427,0.028258148208018582,6.0,-0.044537054669166624,0.01874011211935556,6.0,-0.07973564075813443,0.027773540003018703,6.0,-0.04071635912644758,0.02311385925226895,6.0,-0.019918567850033337,0.02415188157068506,6.0,-0.12453950980773462,0.015276255387236018,6.0,-0.04127242971051436,0.01387996929420422,6.0,-0.10407991066759104,0.03704698273825906,6.0,-0.08363844893150764,0.01654964268236575,6.0,-0.04528136403158562,0.014213730630382474,6.0,-0.13664310430663515,0.03391811395210828,6.0,-0.31556924291219074,0.07547129257140854,6.0,0.010490638156091064,0.03962228626985205,6.0,-0.10183738957448622,0.021581468206756955,6.0,-0.3090629941636268,0.047979903337737065,6.0,-0.17262818132600066,0.041078698775944514,6.0,0.07297323508815633,0.025636380825147062,6.0,-0.04148213597200378,0.061001325835954114,6.0,-0.008728360632765405,0.03706444996615885,6.0,-0.042880005695774666,0.046131296655321716,6.0,Ruprecht_171,9.45,0.006999999999999999,2.8183829312644493,0.04542696566714869,1476.0,1414.0,417.0,-79.0,6938.0,-0.14897495183222792,0.03448578827960408,0.04274732056682806,0.017854458287640575,0.014038277521729058,0.030175608462664483,0.059205039121786825,0.022138342053355936,0.03816758481870302,0.022641789687694786,-0.05111275949012835,0.031482955511743106,-0.003264624958652269,0.0233204920585752,-0.03846321104762007,0.031048720938346756,0.0005560705840667729,0.02696115793399369,0.021353861860481015,0.027856182994309333,-0.08326708009722028,0.020640192011318826,-0.042366019220993284,0.02159963473121789,-0.0040089343210712655,0.019866647579325637,-0.0953706745961208,0.0366482196249184,-0.2742968132016764,0.07673701551407376,0.051763067866605415,0.04198308131686094,-0.060564959863971875,0.025659565810186916,-0.26779056445311245,0.04994721886057965,-0.1313557516154863,0.04336027030281104,0.11424566479867068,0.029152659731489682,-0.00020970626148943128,0.06256049313546284,0.032544069077748955,0.039578112624302136,-0.0016075759852603039,0.0481741640167149,9.45,2.8183829312644493
4.0,Ruprecht_147,50.0,-0.09344841203284683,0.01325882784299365,4.0,0.07326967814745615,0.01932696509183046,4.0,0.031221015140922282,0.01284251823272516,4.0,0.09975055980522407,0.012060322632326466,4.0,0.037877188785890185,0.01306492751181597,4.0,0.06168798184317915,0.019187747479131625,4.0,0.06085864293532979,0.012284578760407722,4.0,0.07364638009858858,0.011672964028126363,4.0,0.06528056288339826,0.013373411537077077,4.0,0.06533599004863655,0.01395967921134904,4.0,0.05346394323858735,0.013833687395907394,4.0,0.05304398728085714,0.014613540187712222,4.0,0.02738946747670992,0.012069145899972886,4.0,0.05027981208146732,0.01607833443990133,4.0,0.06767257896388919,0.01588120471191697,4.0,0.017601938442235062,0.00957247573340704,4.0,-0.09445200200325772,0.009917497294847305,4.0,0.064230192181848,0.022193024080919003,4.0,0.0015194126263443823,0.018645259732659743,4.0,-0.10415816632964116,0.017396525406051227,4.0,-0.08877724223316667,0.016216643448827162,4.0,0.0947366250717631,0.01162829186586242,4.0,-0.03717398271780152,0.01269005133202938,4.0,0.1400980643174844,0.034933200597058484,4.0,0.09965482689473243,0.02176299043173948,4.0,Ruprecht_147,9.49,0.006999999999999999,3.090295432513592,0.0498096773709737,320.0,292.0,111.0,-70.0,8048.0,-0.14649239931370395,0.019732006299107648,0.02022569086659901,0.024229881066128108,-0.02182297213993486,0.019454712317990168,0.04670657252436695,0.01894747842890146,-0.015166798494966945,0.01960224190512111,0.008643994562322017,0.02411898028816314,0.007814655654472653,0.01909100395837109,0.020602392817731432,0.01870330575111823,0.01223657560254112,0.019809182036568455,0.012292002767779413,0.020209606638963824,0.0004199559577302142,0.020122784692620632,-0.002764175199389818,0.021727134997030727,0.014628591683032053,0.021581663974765568,-0.03544204883862208,0.017469626455209247,-0.14749598928411484,0.01766103930722039,0.011186204900990863,0.02657227643003382,-0.05152457465451275,0.023689686940021458,-0.1572021536104983,0.02271991753993104,-0.14182122951402382,0.021829683496658148,0.04169263779090596,0.018675457920371383,-0.09021796999865864,0.01935440414033511,0.08705407703662726,0.03786666160057165,0.04661083961387528,0.026214181454889345,9.49,3.090295432513592
3.0,NGC_7142,64.83783783783784,0.16636575455217972,0.08017134510024979,3.0,-0.006362094999573194,0.043616589489730614,3.0,-0.0018321906820716839,0.036962899136877135,3.0,0.076121714744706,0.0643688855990178,3.0,0.06929497192484188,0.07451280296061683,3.0,-0.026874850686373717,0.0735770331396302,3.0,0.18085576509217047,0.10482173745254797,3.0,0.009539413738497577,0.08564540283151242,3.0,0.04464994577712374,0.07114354816084248,3.0,0.07937256589402253,0.053592913709636,3.0,0.11235082369760012,0.045897369954429015,3.0,0.003522935600952824,0.06711236549434164,3.0,-0.07841585566343431,0.019385782976124144,3.0,-0.016863401476202185,0.031131181502478525,3.0,0.02634095401819944,0.0608540252841303,3.0,0.0005851690449734997,0.037129238904913764,3.0,-0.0875646541308191,0.03591194646801862,3.0,-0.00540436807965863,0.05364444679314394,3.0,-0.01361992553356058,0.030766773734094033,3.0,0.06480792558613657,0.0503920653603109,2.0,-0.03186101019600079,0.10466293008459984,3.0,0.10546468157103134,0.15429614909105072,3.0,-0.3161144153343448,0.05289346958475916,3.0,0.2387012849375745,0.06760888996238991,3.0,-0.09441443714358644,0.17118923890980636,3.0,NGC_7142,9.49,0.006999999999999999,3.090295432513592,0.0498096773709737,2312.0,-603.0,2199.0,381.0,9210.0,0.1628428189512269,0.10455388169470058,-0.009885030600526016,0.08004046777075817,-0.0053551262830245075,0.07661804953696649,0.07259877914375318,0.0929915213097707,0.06577203632388906,0.1002807429534395,-0.030397786287326544,0.09958739582836948,0.1773328294912177,0.12446552231367927,0.006016478137544754,0.10880810920339594,0.04112701017617091,0.09780324149618054,0.07584963029306971,0.08588521410658874,0.1088278880966473,0.08130583110072623,-0.02038633707715501,0.07398121426407085,0.022818018417246615,0.09059405055260343,-0.0029377665559793247,0.07669843534195636,-0.09108758973177193,0.07611660463635997,-0.008927303680611455,0.08591738051167849,-0.017142861134513406,0.07382861212464338,0.06128498998518375,0.08392514434616091,-0.035383945796953614,0.12433180822355933,0.10194174597007853,0.1682598324811179,-0.3196373509352976,0.08545050454479447,0.2351783493366217,0.09526296029513592,-0.09793737274453926,0.18387448197279813,9.49,3.090295432513592
3.0,King_1,67.69444444444444,-0.2560181339041248,0.0752833528755562,3.0,-0.04996851602493986,0.018986126428333375,3.0,-0.006341188420907865,0.03920163805421984,3.0,-0.07375043843381411,0.020796706349437397,3.0,0.13437904715403962,0.023181629850187468,3.0,-0.010982534317717249,0.021795821787990124,3.0,0.10031687334079288,0.029511520516644036,3.0,0.08030270202424182,0.04404540646234435,3.0,0.11231191650731256,0.03973339846130863,3.0,0.14218815099582774,0.1228964338398386,3.0,0.04434910316121583,0.058021618949973076,3.0,0.09592736837728506,0.02552029544136546,3.0,-0.0450896370626541,0.02737462338342263,3.0,-0.04485871390961188,0.033339971437900934,3.0,0.07014112674432649,0.021427375309276145,3.0,0.26891135642859504,0.09488231488618504,3.0,-0.002303380407324596,0.17194918713168406,2.0,-0.1389592043983018,0.12496537928021145,2.0,0.10353483606557376,0.08331520649173241,2.0,-0.07351748945417702,0.07179989211507895,3.0,0.5363550730295127,0.4109693598116147,3.0,0.426615440702767,0.0949611066444991,2.0,0.04103466703973138,0.26756268725584803,2.0,0.1666516139914773,0.015399039535613597,3.0,-0.016649902007083217,0.09651279425440598,3.0,King_1,9.44715803134222,0.006999999999999999,2.800000000000001,0.06270666859558763,1677.0,-832.0,1455.0,49.0,9286.0,-0.35194550228140986,0.07949131210138688,-0.14589588440222492,0.031808151096334385,-0.10226855679819292,0.04677663845926335,-0.16967780681109915,0.03292094279329358,0.03845167877675455,0.03447714376113081,-0.1069099026950023,0.033561038822247494,0.004389504963507804,0.03901557794803097,-0.015624666353043245,0.05090464919678461,0.0163845481300275,0.04722317685945855,0.0462607826185427,0.12551820158831312,-0.05157826521606924,0.06338606901354944,-0.14078608228689693,0.04198617837925511,-0.025786241632958576,0.033322933425182666,0.17298398805131,0.09825446126042192,-0.09823074878460966,0.17383270243156632,-0.2348865727755869,0.1275446255161764,0.007607467688288697,0.08713615272763993,-0.16944485783146207,0.0762004592318941,0.4404277046522277,0.4117609745755211,0.330688072325482,0.09833055097253604,-0.05489270133755368,0.26877700253367154,0.07072424561419223,0.02980630634671075,-0.11257727038436828,0.0998298799669111,9.44715803134222,2.800000000000001
6.0,NGC_2682,74.08333333333333,-0.1768928916976059,0.007098835847101161,6.0,-0.026103513700541387,0.004845171925183269,6.0,-0.09076343158815586,0.00972931476358972,6.0,-0.04276585526079439,0.018169855455609903,6.0,-0.05991671035737321,0.006171581509612317,6.0,-0.1142759757008403,0.007088780096445528,6.0,-0.06538035657813221,0.01368743523128266,6.0,-0.09708733512125396,0.017597861338652657,6.0,-0.0697326792711529,0.008967400275049366,6.0,-0.057677228365478464,0.011410412825414707,6.0,-0.14510154851699952,0.012591133025254692,6.0,-0.07515329259588782,0.007183085870679119,6.0,-0.1116335378098019,0.01097162472228771,6.0,-0.074586082096123,0.007518132929593147,6.0,-0.07330851370907353,0.00762417415501764,6.0,-0.15147588590495265,0.01811115104761104,6.0,-0.2657361873964241,0.05131556697906056,5.0,-0.11352106866380135,0.019644377145730533,6.0,-0.16218958728218474,0.017537060769755145,6.0,-0.2970862323859609,0.028217461098924108,6.0,-0.20002645418681167,0.012677343826325214,6.0,-0.01311523675500847,0.010145952226222922,6.0,-0.16150282969974347,0.028506763909484412,6.0,-0.05918675332787266,0.04436127128384918,6.0,-0.05160304107565666,0.014855465233427512,6.0,NGC_2682,9.62,0.006999999999999999,4.168693834703347,0.06719140596730877,873.0,-602.0,-432.0,461.0,8952.0,-0.10173959910171806,0.010099019408320713,0.04904977889534644,0.008664433830905175,-0.015610138992268041,0.01209364661276965,0.03238743733509344,0.019538177241065945,0.01523658223851461,0.00947022391262945,-0.03912268310495248,0.010091953521559257,0.009772936017755612,0.015457768462365703,-0.02193404252536614,0.01900740503908926,0.005420613324734924,0.011489603575341728,0.01747606423040936,0.0134831095624095,-0.0699482559211117,0.01449597714834048,0.0005672104997648253,0.01039803084110558,0.0018447788868142941,0.010474958432928932,-0.07632259330906482,0.01948359604628808,-0.1905828948005363,0.051815867618018326,-0.038367776067913535,0.020916459453484238,-0.08703629468629692,0.01895112722419526,-0.2219329397900731,0.029117380264969676,-0.12487316159092385,0.014570922040708884,0.06203805584087936,0.012431293947226404,-0.08634953710385565,0.029397828341845813,0.01596653926801516,0.04493905998732964,0.023550251520231158,0.016500956636726356,9.62,4.168693834703347
3.0,NGC_6791,58.18181818181818,0.4596518952193778,0.015947840613506084,2.0,0.443762170976635,0.02161980268169337,3.0,0.2820537018317186,0.15607997930462514,3.0,0.1860119368856442,0.034072972932441506,3.0,0.4321524347317442,0.03474828994776703,3.0,0.3872363182554833,0.03282896384267794,3.0,0.6481101102297051,0.0,1.0,0.1193988931411162,0.0486107769089708,3.0,0.9251106399274444,0.0,1.0,0.3663685696244369,0.08285572373813539,3.0,0.8139318090349307,0.0,1.0,0.21596827347597053,0.021720636377741857,3.0,-0.062207522777022226,0.024454801884292738,3.0,0.3258771099424929,0.04020787405371573,3.0,0.29279115995339444,0.02159719385379596,3.0,0.14109859995093327,0.2603478310622641,3.0,0.07461075515681091,0.7257160278710133,2.0,0.2577027674326841,0.0,1.0,0.35437607866980897,0.06324810114785483,3.0,,,0.0,0.11273780059587145,0.27997260955131303,3.0,0.4347606933549609,0.03785978571678269,3.0,0.11907179198277028,0.07509830626536618,3.0,0.32798889216263993,0.3454514894246917,2.0,,,0.0,NGC_6791,9.903089986991944,0.006999999999999999,8.000000000000004,0.10897170065352466,4117.0,1385.0,3798.0,778.0,7924.0,0.24368362174340724,0.0269466076693872,0.2277938975006645,0.030646401300143532,0.06608542835574804,0.15758409178716706,-0.02995633659032632,0.04040734498960522,0.21618416125577367,0.040978405275805575,0.1712680447795129,0.03936403068332736,0.4321418367537346,0.021720636377741857,-0.09656938033485434,0.053242780509171486,0.7091423664514741,0.021720636377741857,0.1504002961484665,0.08565545517259421,0.5979635355589601,0.021720636377741857,0.10990883646652233,0.045699662805906455,0.07682288647742391,0.0306304558734036,-0.07486967352503726,0.2612523285704441,-0.1413575183191596,0.7260410037687509,0.04173449395671358,0.021720636377741857,0.1384078051938385,0.06687382405293836,,,-0.1032304728800991,0.2808139030454619,0.21879241987899034,0.04364801735674583,-0.09689648149320024,0.07817634967546655,0.1120206186866694,0.34613367011949586,,,9.903089986991944,8.000000000000004
4.0,NGC_188,60.010101010101,-0.12523932171788832,0.015095497341033631,4.0,0.04110029354576262,0.018004889285474536,4.0,-0.01550935290092459,0.016334889842802187,4.0,0.03268767487103068,0.03219964601341953,4.0,-0.018248138420285043,0.009857451279875015,4.0,-0.01602872199743662,0.04035691630122703,4.0,-0.0014391342115194865,0.014483307980095662,4.0,-0.06525137015593561,0.0203355506649404,4.0,-0.007875745596765555,0.021733508163532804,4.0,0.033529680839533366,0.023762684431878303,4.0,-0.05900690646585264,0.02554611483939752,4.0,-0.029506680514788164,0.014514490798300844,4.0,-0.14498578049096728,0.015228970466526706,4.0,0.004032000052341036,0.013292479960488187,4.0,-0.01337523170919072,0.010045924057076964,4.0,-0.11948837778481396,0.014923633621808253,4.0,-0.09936819644924363,0.06264260785629956,4.0,-0.17082674188563213,0.025917752607247657,4.0,-0.09677689710897887,0.026226044257353517,4.0,-0.4086256522232021,0.0714081452239717,4.0,-0.10627154695786456,0.047635389427239126,4.0,-0.08999993581022685,0.03228434018565223,4.0,-0.2375068024906975,0.1037127943187144,3.0,0.08581434675017033,0.1032726957106388,4.0,-0.0018593252325860214,0.027561994054673127,4.0,NGC_188,9.85,0.006999999999999999,7.079457843841372,0.11410737868396242,1698.0,-851.0,1319.0,646.0,9285.0,-0.09573264120310017,0.020941453700904174,0.07060697406055078,0.023126748178595183,0.01399732761386357,0.02185175208788627,0.062194355385818835,0.03531979114495844,0.011258542094503115,0.01754536374285439,0.013477958517351542,0.04288765715772085,0.028067546303268676,0.020504552011206257,-0.03574468964114745,0.02498409622100263,0.02163093491802261,0.026134571361097682,0.06303636135432153,0.02784484897683935,-0.02950022595106446,0.029381532065596006,0.0335386805671292,0.01968147521488011,0.01613144880559744,0.017651941346336884,-0.08998169727002579,0.0208179077625953,-0.06986151593445547,0.06430215208040928,-0.14132006137084396,0.02970522417596697,-0.0672702165941907,0.029974586578010137,-0.3791189717084139,0.07286833089526472,-0.07676486644307641,0.04979759802459036,-0.060493255295438676,0.03539702055762433,-0.20800012197590934,0.10472351287332717,0.11532102726495848,0.1042876796293606,0.027647355282202142,0.03115018393852268,9.85,7.079457843841372
